{"{\"10.0.0.11_10.0.0.41\": [1, 3, 4], \"10.0.0.12_10.0.0.42\": [1, 3, 4], \"10.0.0.13_10.0.0.43\": [1, 3, 4]}": {"[\"10.0.0.12_10.0.0.42\", [1, 2, 4]]": [0, -140, []], "[\"10.0.0.13_10.0.0.43\", [1, 2, 4]]": [0, -140, []], "[\"10.0.0.11_10.0.0.41\", [1, 2, 4]]": [1, -145.92276091550224, []], "[\"NoTrans\", []]": [0, -140, []]}, "{\"10.0.0.11_10.0.0.41\": [1, 2, 4], \"10.0.0.12_10.0.0.42\": [1, 3, 4], \"10.0.0.13_10.0.0.43\": [1, 3, 4]}": {"[\"10.0.0.12_10.0.0.42\", [1, 2, 4]]": [0, -140, []], "[\"10.0.0.13_10.0.0.43\", [1, 2, 4]]": [0, -140, []], "[\"10.0.0.11_10.0.0.41\", [1, 3, 4]]": [0, -140, []], "[\"NoTrans\", []]": [17, -134.09016430725737, []]}, "{\"10.0.0.11_10.0.0.41\": [1, 3, 4], \"10.0.0.12_10.0.0.42\": [1, 3, 4], \"10.0.0.13_10.0.0.43\": [1, 2, 4]}": {"[\"10.0.0.12_10.0.0.42\", [1, 2, 4]]": [0, -140, []], "[\"10.0.0.13_10.0.0.43\", [1, 3, 4]]": [1, -198.8906265258789, []], "[\"10.0.0.11_10.0.0.41\", [1, 2, 4]]": [0, -140, []], "[\"NoTrans\", []]": [0, -140, []]}, "{\"10.0.0.11_10.0.0.41\": [1, 2, 4], \"10.0.0.12_10.0.0.42\": [1, 3, 4], \"10.0.0.13_10.0.0.43\": [1, 2, 4]}": {"[\"10.0.0.12_10.0.0.42\", [1, 2, 4]]": [0, -140, []], "[\"10.0.0.13_10.0.0.43\", [1, 3, 4]]": [0, -140, []], "[\"10.0.0.11_10.0.0.41\", [1, 3, 4]]": [0, -140, []], "[\"NoTrans\", []]": [0, -140, []]}, "{\"10.0.0.11_10.0.0.41\": [1, 3, 4], \"10.0.0.12_10.0.0.42\": [1, 2, 4], \"10.0.0.13_10.0.0.43\": [1, 3, 4]}": {"[\"10.0.0.12_10.0.0.42\", [1, 3, 4]]": [0, -140, []], "[\"10.0.0.13_10.0.0.43\", [1, 2, 4]]": [0, -140, []], "[\"10.0.0.11_10.0.0.41\", [1, 2, 4]]": [0, -140, []], "[\"NoTrans\", []]": [0, -140, []]}, "{\"10.0.0.11_10.0.0.41\": [1, 2, 4], \"10.0.0.12_10.0.0.42\": [1, 2, 4], \"10.0.0.13_10.0.0.43\": [1, 3, 4]}": {"[\"10.0.0.12_10.0.0.42\", [1, 3, 4]]": [0, -140, []], "[\"10.0.0.13_10.0.0.43\", [1, 2, 4]]": [0, -140, []], "[\"10.0.0.11_10.0.0.41\", [1, 3, 4]]": [0, -140, []], "[\"NoTrans\", []]": [0, -140, []]}, "{\"10.0.0.11_10.0.0.41\": [1, 3, 4], \"10.0.0.12_10.0.0.42\": [1, 2, 4], \"10.0.0.13_10.0.0.43\": [1, 2, 4]}": {"[\"10.0.0.12_10.0.0.42\", [1, 3, 4]]": [0, -140, []], "[\"10.0.0.13_10.0.0.43\", [1, 3, 4]]": [0, -140, []], "[\"10.0.0.11_10.0.0.41\", [1, 2, 4]]": [0, -140, []], "[\"NoTrans\", []]": [0, -140, []]}, "{\"10.0.0.11_10.0.0.41\": [1, 2, 4], \"10.0.0.12_10.0.0.42\": [1, 2, 4], \"10.0.0.13_10.0.0.43\": [1, 2, 4]}": {"[\"10.0.0.12_10.0.0.42\", [1, 3, 4]]": [0, -140, []], "[\"10.0.0.13_10.0.0.43\", [1, 3, 4]]": [0, -140, []], "[\"10.0.0.11_10.0.0.41\", [1, 3, 4]]": [0, -140, []], "[\"NoTrans\", []]": [0, -140, []]}}