{"{\"10.0.0.11_10.0.0.41\": [1, 3, 4], \"10.0.0.12_10.0.0.42\": [1, 3, 4], \"10.0.0.13_10.0.0.43\": [1, 3, 4]}": {"[\"10.0.0.11_10.0.0.41\", [1, 2, 4]]": [2, -146.91717488183332, []], "[\"10.0.0.12_10.0.0.42\", [1, 2, 4]]": [1, -183.03786222396724, []], "[\"10.0.0.13_10.0.0.43\", [1, 2, 4]]": [1, -179.85982769176525, []], "[\"NoTrans\", []]": [0, -140, []]}, "{\"10.0.0.11_10.0.0.41\": [1, 3, 4], \"10.0.0.12_10.0.0.42\": [1, 3, 4], \"10.0.0.13_10.0.0.43\": [1, 2, 4]}": {"[\"10.0.0.11_10.0.0.41\", [1, 2, 4]]": [1, -199.0053617830028, []], "[\"10.0.0.12_10.0.0.42\", [1, 2, 4]]": [1, -199.20856859334464, []], "[\"10.0.0.13_10.0.0.43\", [1, 3, 4]]": [1, -198.40637401489258, []], "[\"NoTrans\", []]": [0, -140, []]}, "{\"10.0.0.11_10.0.0.41\": [1, 3, 4], \"10.0.0.12_10.0.0.42\": [1, 2, 4], \"10.0.0.13_10.0.0.43\": [1, 3, 4]}": {"[\"10.0.0.11_10.0.0.41\", [1, 2, 4]]": [1, -199.74572945760826, []], "[\"10.0.0.12_10.0.0.42\", [1, 3, 4]]": [2, -206.3937247010091, []], "[\"10.0.0.13_10.0.0.43\", [1, 2, 4]]": [1, -199.25851914542855, []], "[\"NoTrans\", []]": [2, -220.2217462340116, []]}, "{\"10.0.0.11_10.0.0.41\": [1, 3, 4], \"10.0.0.12_10.0.0.42\": [1, 2, 4], \"10.0.0.13_10.0.0.43\": [1, 2, 4]}": {"[\"10.0.0.11_10.0.0.41\", [1, 2, 4]]": [1, -217.33909718058266, []], "[\"10.0.0.12_10.0.0.42\", [1, 3, 4]]": [1, -184.32388360894896, []], "[\"10.0.0.13_10.0.0.43\", [1, 3, 4]]": [2, -220.85972755091623, []], "[\"NoTrans\", []]": [1, -198.8493614058804, []]}, "{\"10.0.0.11_10.0.0.41\": [1, 2, 4], \"10.0.0.12_10.0.0.42\": [1, 3, 4], \"10.0.0.13_10.0.0.43\": [1, 3, 4]}": {"[\"10.0.0.11_10.0.0.41\", [1, 3, 4]]": [1, -194.4011985794079, []], "[\"10.0.0.12_10.0.0.42\", [1, 2, 4]]": [1, -200.12518780357703, []], "[\"10.0.0.13_10.0.0.43\", [1, 2, 4]]": [1, -200.07823371842517, []], "[\"NoTrans\", []]": [758, -124.26221692981633, []]}, "{\"10.0.0.11_10.0.0.41\": [1, 2, 4], \"10.0.0.12_10.0.0.42\": [1, 3, 4], \"10.0.0.13_10.0.0.43\": [1, 2, 4]}": {"[\"10.0.0.11_10.0.0.41\", [1, 3, 4]]": [1, -183.3194531567615, []], "[\"10.0.0.12_10.0.0.42\", [1, 2, 4]]": [1, -219.52625385782875, []], "[\"10.0.0.13_10.0.0.43\", [1, 3, 4]]": [1, -171.88209668029486, []], "[\"NoTrans\", []]": [1, -200.9133774460151, []]}, "{\"10.0.0.11_10.0.0.41\": [1, 2, 4], \"10.0.0.12_10.0.0.42\": [1, 2, 4], \"10.0.0.13_10.0.0.43\": [1, 3, 4]}": {"[\"10.0.0.11_10.0.0.41\", [1, 3, 4]]": [1, -179.33322206788617, []], "[\"10.0.0.12_10.0.0.42\", [1, 3, 4]]": [1, -167.17027024606338, []], "[\"10.0.0.13_10.0.0.43\", [1, 2, 4]]": [1, -217.7499417427572, []], "[\"NoTrans\", []]": [1, -202.10834150572344, []]}, "{\"10.0.0.11_10.0.0.41\": [1, 2, 4], \"10.0.0.12_10.0.0.42\": [1, 2, 4], \"10.0.0.13_10.0.0.43\": [1, 2, 4]}": {"[\"10.0.0.11_10.0.0.41\", [1, 3, 4]]": [1, -195.42489680300756, []], "[\"10.0.0.12_10.0.0.42\", [1, 3, 4]]": [1, -199.4141041107882, []], "[\"10.0.0.13_10.0.0.43\", [1, 3, 4]]": [1, -199.83849357735843, []], "[\"NoTrans\", []]": [1, -214.2858715535482, []]}}