{"{\"10.0.0.11_10.0.0.41\": [1, 3, 4], \"10.0.0.12_10.0.0.42\": [1, 3, 4], \"10.0.0.13_10.0.0.43\": [1, 3, 4]}": {"[\"10.0.0.11_10.0.0.41\", [1, 2, 4]]": [2, -137.44065408088844, []], "[\"10.0.0.12_10.0.0.42\", [1, 2, 4]]": [1, -183.80081215919648, []], "[\"10.0.0.13_10.0.0.43\", [1, 2, 4]]": [1, -183.70592325691504, []], "[\"NoTrans\", []]": [1, -197.06996688842773, []]}, "{\"10.0.0.11_10.0.0.41\": [1, 3, 4], \"10.0.0.12_10.0.0.42\": [1, 3, 4], \"10.0.0.13_10.0.0.43\": [1, 2, 4]}": {"[\"10.0.0.11_10.0.0.41\", [1, 2, 4]]": [1, -200.73345689294496, []], "[\"10.0.0.12_10.0.0.42\", [1, 2, 4]]": [1, -224.3909276373545, []], "[\"10.0.0.13_10.0.0.43\", [1, 3, 4]]": [2, -209.2309733581543, []], "[\"NoTrans\", []]": [2, -220.4903554785631, []]}, "{\"10.0.0.11_10.0.0.41\": [1, 3, 4], \"10.0.0.12_10.0.0.42\": [1, 2, 4], \"10.0.0.13_10.0.0.43\": [1, 3, 4]}": {"[\"10.0.0.11_10.0.0.41\", [1, 2, 4]]": [0, -140, []], "[\"10.0.0.12_10.0.0.42\", [1, 3, 4]]": [1, -196.1032272338867, []], "[\"10.0.0.13_10.0.0.43\", [1, 2, 4]]": [1, -201.39467152576884, []], "[\"NoTrans\", []]": [1, -183.5916962395366, []]}, "{\"10.0.0.11_10.0.0.41\": [1, 3, 4], \"10.0.0.12_10.0.0.42\": [1, 2, 4], \"10.0.0.13_10.0.0.43\": [1, 2, 4]}": {"[\"10.0.0.11_10.0.0.41\", [1, 2, 4]]": [1, -217.59065399169924, []], "[\"10.0.0.12_10.0.0.42\", [1, 3, 4]]": [2, -221.6543888499471, []], "[\"10.0.0.13_10.0.0.43\", [1, 3, 4]]": [1, -182.63015909663065, []], "[\"NoTrans\", []]": [1, -199.2440205904614, []]}, "{\"10.0.0.11_10.0.0.41\": [1, 2, 4], \"10.0.0.12_10.0.0.42\": [1, 3, 4], \"10.0.0.13_10.0.0.43\": [1, 3, 4]}": {"[\"10.0.0.11_10.0.0.41\", [1, 3, 4]]": [1, -195.17643151583525, []], "[\"10.0.0.12_10.0.0.42\", [1, 2, 4]]": [1, -199.93978505603621, []], "[\"10.0.0.13_10.0.0.43\", [1, 2, 4]]": [1, -200.14363710528565, []], "[\"NoTrans\", []]": [759, -138.27379124165856, []]}, "{\"10.0.0.11_10.0.0.41\": [1, 2, 4], \"10.0.0.12_10.0.0.42\": [1, 3, 4], \"10.0.0.13_10.0.0.43\": [1, 2, 4]}": {"[\"10.0.0.11_10.0.0.41\", [1, 3, 4]]": [1, -183.84707922154104, []], "[\"10.0.0.12_10.0.0.42\", [1, 2, 4]]": [1, -216.45492324829104, []], "[\"10.0.0.13_10.0.0.43\", [1, 3, 4]]": [1, -182.99499817958412, []], "[\"NoTrans\", []]": [1, -198.58069043196866, []]}, "{\"10.0.0.11_10.0.0.41\": [1, 2, 4], \"10.0.0.12_10.0.0.42\": [1, 2, 4], \"10.0.0.13_10.0.0.43\": [1, 3, 4]}": {"[\"10.0.0.11_10.0.0.41\", [1, 3, 4]]": [0, -140, []], "[\"10.0.0.12_10.0.0.42\", [1, 3, 4]]": [1, -170.56331228605856, []], "[\"10.0.0.13_10.0.0.43\", [1, 2, 4]]": [1, -220.87157974243166, []], "[\"NoTrans\", []]": [0, -140, []]}, "{\"10.0.0.11_10.0.0.41\": [1, 2, 4], \"10.0.0.12_10.0.0.42\": [1, 2, 4], \"10.0.0.13_10.0.0.43\": [1, 2, 4]}": {"[\"10.0.0.11_10.0.0.41\", [1, 3, 4]]": [1, -194.6884203691606, []], "[\"10.0.0.12_10.0.0.42\", [1, 3, 4]]": [1, -202.36375980108934, []], "[\"10.0.0.13_10.0.0.43\", [1, 3, 4]]": [1, -201.7945423308948, []], "[\"NoTrans\", []]": [1, -217.64920959472659, []]}}