{"{\"10.0.0.11_10.0.0.41\": [1, 3, 4], \"10.0.0.12_10.0.0.42\": [1, 3, 4], \"10.0.0.13_10.0.0.43\": [1, 3, 4]}": {"[\"10.0.0.13_10.0.0.43\", [1, 2, 4]]": [0, -140, []], "[\"10.0.0.11_10.0.0.41\", [1, 2, 4]]": [2, -145.74815853332527, []], "[\"10.0.0.12_10.0.0.42\", [1, 2, 4]]": [0, -140, []], "[\"NoTrans\", []]": [0, -140, []]}, "{\"10.0.0.11_10.0.0.41\": [1, 3, 4], \"10.0.0.12_10.0.0.42\": [1, 2, 4], \"10.0.0.13_10.0.0.43\": [1, 3, 4]}": {"[\"10.0.0.13_10.0.0.43\", [1, 2, 4]]": [0, -140, []], "[\"10.0.0.11_10.0.0.41\", [1, 2, 4]]": [0, -140, []], "[\"10.0.0.12_10.0.0.42\", [1, 3, 4]]": [0, -140, []], "[\"NoTrans\", []]": [0, -140, []]}, "{\"10.0.0.11_10.0.0.41\": [1, 2, 4], \"10.0.0.12_10.0.0.42\": [1, 3, 4], \"10.0.0.13_10.0.0.43\": [1, 3, 4]}": {"[\"10.0.0.13_10.0.0.43\", [1, 2, 4]]": [1, -201.9560976022843, []], "[\"10.0.0.11_10.0.0.41\", [1, 3, 4]]": [1, -197.80191192626953, []], "[\"10.0.0.12_10.0.0.42\", [1, 2, 4]]": [1, -199.60539368244923, []], "[\"NoTrans\", []]": [6, -144.65576015683357, []]}, "{\"10.0.0.11_10.0.0.41\": [1, 2, 4], \"10.0.0.12_10.0.0.42\": [1, 2, 4], \"10.0.0.13_10.0.0.43\": [1, 3, 4]}": {"[\"10.0.0.13_10.0.0.43\", [1, 2, 4]]": [0, -140, []], "[\"10.0.0.11_10.0.0.41\", [1, 3, 4]]": [0, -140, []], "[\"10.0.0.12_10.0.0.42\", [1, 3, 4]]": [1, -170.13823287060785, []], "[\"NoTrans\", []]": [0, -140, []]}, "{\"10.0.0.11_10.0.0.41\": [1, 3, 4], \"10.0.0.12_10.0.0.42\": [1, 3, 4], \"10.0.0.13_10.0.0.43\": [1, 2, 4]}": {"[\"10.0.0.13_10.0.0.43\", [1, 3, 4]]": [1, -196.46925709585602, []], "[\"10.0.0.11_10.0.0.41\", [1, 2, 4]]": [1, -201.66898784618667, []], "[\"10.0.0.12_10.0.0.42\", [1, 2, 4]]": [0, -140, []], "[\"NoTrans\", []]": [1, -184.86260777950412, []]}, "{\"10.0.0.11_10.0.0.41\": [1, 3, 4], \"10.0.0.12_10.0.0.42\": [1, 2, 4], \"10.0.0.13_10.0.0.43\": [1, 2, 4]}": {"[\"10.0.0.13_10.0.0.43\", [1, 3, 4]]": [0, -140, []], "[\"10.0.0.11_10.0.0.41\", [1, 2, 4]]": [0, -140, []], "[\"10.0.0.12_10.0.0.42\", [1, 3, 4]]": [0, -140, []], "[\"NoTrans\", []]": [0, -140, []]}, "{\"10.0.0.11_10.0.0.41\": [1, 2, 4], \"10.0.0.12_10.0.0.42\": [1, 3, 4], \"10.0.0.13_10.0.0.43\": [1, 2, 4]}": {"[\"10.0.0.13_10.0.0.43\", [1, 3, 4]]": [1, -170.80627975479038, []], "[\"10.0.0.11_10.0.0.41\", [1, 3, 4]]": [1, -184.72407532561596, []], "[\"10.0.0.12_10.0.0.42\", [1, 2, 4]]": [0, -140, []], "[\"NoTrans\", []]": [0, -140, []]}, "{\"10.0.0.11_10.0.0.41\": [1, 2, 4], \"10.0.0.12_10.0.0.42\": [1, 2, 4], \"10.0.0.13_10.0.0.43\": [1, 2, 4]}": {"[\"10.0.0.13_10.0.0.43\", [1, 3, 4]]": [0, -140, []], "[\"10.0.0.11_10.0.0.41\", [1, 3, 4]]": [0, -140, []], "[\"10.0.0.12_10.0.0.42\", [1, 3, 4]]": [0, -140, []], "[\"NoTrans\", []]": [0, -140, []]}}