{"{\"10.0.0.11_10.0.0.41\": [1, 3, 4], \"10.0.0.12_10.0.0.42\": [1, 3, 4], \"10.0.0.13_10.0.0.43\": [1, 3, 4]}": {"[\"10.0.0.11_10.0.0.41\", [1, 2, 4]]": [2, -134.48441939458246, []], "[\"10.0.0.12_10.0.0.42\", [1, 2, 4]]": [1, -183.80584002245078, []], "[\"10.0.0.13_10.0.0.43\", [1, 2, 4]]": [1, -183.17959141305556, []], "[\"NoTrans\", []]": [1, -196.51943567911786, []]}, "{\"10.0.0.11_10.0.0.41\": [1, 3, 4], \"10.0.0.12_10.0.0.42\": [1, 3, 4], \"10.0.0.13_10.0.0.43\": [1, 2, 4]}": {"[\"10.0.0.11_10.0.0.41\", [1, 2, 4]]": [1, -201.35175036335528, []], "[\"10.0.0.12_10.0.0.42\", [1, 2, 4]]": [1, -200.27427461583548, []], "[\"10.0.0.13_10.0.0.43\", [1, 3, 4]]": [1, -195.82449153808594, []], "[\"NoTrans\", []]": [1, -181.79277737758537, []]}, "{\"10.0.0.11_10.0.0.41\": [1, 3, 4], \"10.0.0.12_10.0.0.42\": [1, 2, 4], \"10.0.0.13_10.0.0.43\": [1, 3, 4]}": {"[\"10.0.0.11_10.0.0.41\", [1, 2, 4]]": [1, -200.0833750568641, []], "[\"10.0.0.12_10.0.0.42\", [1, 3, 4]]": [2, -213.12218349518378, []], "[\"10.0.0.13_10.0.0.43\", [1, 2, 4]]": [1, -200.3711694926291, []], "[\"NoTrans\", []]": [2, -216.9705962424305, []]}, "{\"10.0.0.11_10.0.0.41\": [1, 3, 4], \"10.0.0.12_10.0.0.42\": [1, 2, 4], \"10.0.0.13_10.0.0.43\": [1, 2, 4]}": {"[\"10.0.0.11_10.0.0.41\", [1, 2, 4]]": [1, -216.233312644043, []], "[\"10.0.0.12_10.0.0.42\", [1, 3, 4]]": [1, -182.78703020973072, []], "[\"10.0.0.13_10.0.0.43\", [1, 3, 4]]": [2, -217.82103891610967, []], "[\"NoTrans\", []]": [1, -200.22700983821488, []]}, "{\"10.0.0.11_10.0.0.41\": [1, 2, 4], \"10.0.0.12_10.0.0.42\": [1, 3, 4], \"10.0.0.13_10.0.0.43\": [1, 3, 4]}": {"[\"10.0.0.11_10.0.0.41\", [1, 3, 4]]": [1, -198.12484935668945, []], "[\"10.0.0.12_10.0.0.42\", [1, 2, 4]]": [1, -200.59677210859977, []], "[\"10.0.0.13_10.0.0.43\", [1, 2, 4]]": [1, -199.95173579078283, []], "[\"NoTrans\", []]": [750, -121.96015327364091, []]}, "{\"10.0.0.11_10.0.0.41\": [1, 2, 4], \"10.0.0.12_10.0.0.42\": [1, 3, 4], \"10.0.0.13_10.0.0.43\": [1, 2, 4]}": {"[\"10.0.0.11_10.0.0.41\", [1, 3, 4]]": [1, -184.95850454403117, []], "[\"10.0.0.12_10.0.0.42\", [1, 2, 4]]": [1, -219.43689540771487, []], "[\"10.0.0.13_10.0.0.43\", [1, 3, 4]]": [1, -181.43182748455328, []], "[\"NoTrans\", []]": [0, -140, []]}, "{\"10.0.0.11_10.0.0.41\": [1, 2, 4], \"10.0.0.12_10.0.0.42\": [1, 2, 4], \"10.0.0.13_10.0.0.43\": [1, 3, 4]}": {"[\"10.0.0.11_10.0.0.41\", [1, 3, 4]]": [1, -183.66842233827157, []], "[\"10.0.0.12_10.0.0.42\", [1, 3, 4]]": [1, -171.8603966529481, []], "[\"10.0.0.13_10.0.0.43\", [1, 2, 4]]": [1, -216.8108569767253, []], "[\"NoTrans\", []]": [1, -200.42285235524758, []]}, "{\"10.0.0.11_10.0.0.41\": [1, 2, 4], \"10.0.0.12_10.0.0.42\": [1, 2, 4], \"10.0.0.13_10.0.0.43\": [1, 2, 4]}": {"[\"10.0.0.11_10.0.0.41\", [1, 3, 4]]": [1, -199.1904553078743, []], "[\"10.0.0.12_10.0.0.42\", [1, 3, 4]]": [1, -199.21007699519168, []], "[\"10.0.0.13_10.0.0.43\", [1, 3, 4]]": [1, -199.64065383860037, []], "[\"NoTrans\", []]": [1, -222.267113009847, []]}}