{"{\"10.0.0.11_10.0.0.41\": [1, 3, 4], \"10.0.0.12_10.0.0.42\": [1, 3, 4], \"10.0.0.13_10.0.0.43\": [1, 3, 4]}": {"{\"10.0.0.11_10.0.0.41\": [1, 2, 4], \"10.0.0.12_10.0.0.42\": [1, 3, 4], \"10.0.0.13_10.0.0.43\": [1, 3, 4]}": [0, -140, []], "{\"10.0.0.11_10.0.0.41\": [1, 3, 4], \"10.0.0.12_10.0.0.42\": [1, 2, 4], \"10.0.0.13_10.0.0.43\": [1, 3, 4]}": [0, -140, []], "{\"10.0.0.11_10.0.0.41\": [1, 2, 4], \"10.0.0.12_10.0.0.42\": [1, 2, 4], \"10.0.0.13_10.0.0.43\": [1, 3, 4]}": [1, -201.0989325993208, []], "{\"10.0.0.11_10.0.0.41\": [1, 3, 4], \"10.0.0.12_10.0.0.42\": [1, 3, 4], \"10.0.0.13_10.0.0.43\": [1, 2, 4]}": [0, -140, []], "{\"10.0.0.11_10.0.0.41\": [1, 2, 4], \"10.0.0.12_10.0.0.42\": [1, 3, 4], \"10.0.0.13_10.0.0.43\": [1, 2, 4]}": [0, -140, []], "{\"10.0.0.11_10.0.0.41\": [1, 3, 4], \"10.0.0.12_10.0.0.42\": [1, 2, 4], \"10.0.0.13_10.0.0.43\": [1, 2, 4]}": [0, -140, []], "{\"10.0.0.11_10.0.0.41\": [1, 2, 4], \"10.0.0.12_10.0.0.42\": [1, 2, 4], \"10.0.0.13_10.0.0.43\": [1, 2, 4]}": [1, -216.60534099487305, []], "\"NoTrans\"": [0, -140, []]}, "{\"10.0.0.11_10.0.0.41\": [1, 2, 4], \"10.0.0.12_10.0.0.42\": [1, 3, 4], \"10.0.0.13_10.0.0.43\": [1, 3, 4]}": {"{\"10.0.0.11_10.0.0.41\": [1, 3, 4], \"10.0.0.12_10.0.0.42\": [1, 3, 4], \"10.0.0.13_10.0.0.43\": [1, 3, 4]}": [0, -140, []], "{\"10.0.0.11_10.0.0.41\": [1, 3, 4], \"10.0.0.12_10.0.0.42\": [1, 2, 4], \"10.0.0.13_10.0.0.43\": [1, 3, 4]}": [1, -183.5287598934868, []], "{\"10.0.0.11_10.0.0.41\": [1, 2, 4], \"10.0.0.12_10.0.0.42\": [1, 2, 4], \"10.0.0.13_10.0.0.43\": [1, 3, 4]}": [1, -199.42587490146488, []], "{\"10.0.0.11_10.0.0.41\": [1, 3, 4], \"10.0.0.12_10.0.0.42\": [1, 3, 4], \"10.0.0.13_10.0.0.43\": [1, 2, 4]}": [0, -140, []], "{\"10.0.0.11_10.0.0.41\": [1, 2, 4], \"10.0.0.12_10.0.0.42\": [1, 3, 4], \"10.0.0.13_10.0.0.43\": [1, 2, 4]}": [1, -200.40727876620593, []], "{\"10.0.0.11_10.0.0.41\": [1, 3, 4], \"10.0.0.12_10.0.0.42\": [1, 2, 4], \"10.0.0.13_10.0.0.43\": [1, 2, 4]}": [1, -201.05547732599388, []], "{\"10.0.0.11_10.0.0.41\": [1, 2, 4], \"10.0.0.12_10.0.0.42\": [1, 2, 4], \"10.0.0.13_10.0.0.43\": [1, 2, 4]}": [1, -217.81335941813154, []], "\"NoTrans\"": [347, -126.2848988534177, []]}, "{\"10.0.0.11_10.0.0.41\": [1, 3, 4], \"10.0.0.12_10.0.0.42\": [1, 2, 4], \"10.0.0.13_10.0.0.43\": [1, 3, 4]}": {"{\"10.0.0.11_10.0.0.41\": [1, 3, 4], \"10.0.0.12_10.0.0.42\": [1, 3, 4], \"10.0.0.13_10.0.0.43\": [1, 3, 4]}": [1, -201.0533932808431, []], "{\"10.0.0.11_10.0.0.41\": [1, 2, 4], \"10.0.0.12_10.0.0.42\": [1, 3, 4], \"10.0.0.13_10.0.0.43\": [1, 3, 4]}": [1, -149.1794031578748, []], "{\"10.0.0.11_10.0.0.41\": [1, 2, 4], \"10.0.0.12_10.0.0.42\": [1, 2, 4], \"10.0.0.13_10.0.0.43\": [1, 3, 4]}": [1, -201.55571335929938, []], "{\"10.0.0.11_10.0.0.41\": [1, 3, 4], \"10.0.0.12_10.0.0.42\": [1, 3, 4], \"10.0.0.13_10.0.0.43\": [1, 2, 4]}": [1, -182.2742790652012, []], "{\"10.0.0.11_10.0.0.41\": [1, 2, 4], \"10.0.0.12_10.0.0.42\": [1, 3, 4], \"10.0.0.13_10.0.0.43\": [1, 2, 4]}": [0, -140, []], "{\"10.0.0.11_10.0.0.41\": [1, 3, 4], \"10.0.0.12_10.0.0.42\": [1, 2, 4], \"10.0.0.13_10.0.0.43\": [1, 2, 4]}": [1, -197.58266364405532, []], "{\"10.0.0.11_10.0.0.41\": [1, 2, 4], \"10.0.0.12_10.0.0.42\": [1, 2, 4], \"10.0.0.13_10.0.0.43\": [1, 2, 4]}": [1, -218.97512630371094, []], "\"NoTrans\"": [0, -140, []]}, "{\"10.0.0.11_10.0.0.41\": [1, 2, 4], \"10.0.0.12_10.0.0.42\": [1, 2, 4], \"10.0.0.13_10.0.0.43\": [1, 3, 4]}": {"{\"10.0.0.11_10.0.0.41\": [1, 3, 4], \"10.0.0.12_10.0.0.42\": [1, 3, 4], \"10.0.0.13_10.0.0.43\": [1, 3, 4]}": [0, -140, []], "{\"10.0.0.11_10.0.0.41\": [1, 2, 4], \"10.0.0.12_10.0.0.42\": [1, 3, 4], \"10.0.0.13_10.0.0.43\": [1, 3, 4]}": [1, -169.43282219941767, []], "{\"10.0.0.11_10.0.0.41\": [1, 3, 4], \"10.0.0.12_10.0.0.42\": [1, 2, 4], \"10.0.0.13_10.0.0.43\": [1, 3, 4]}": [1, -185.12344391463466, []], "{\"10.0.0.11_10.0.0.41\": [1, 3, 4], \"10.0.0.12_10.0.0.42\": [1, 3, 4], \"10.0.0.13_10.0.0.43\": [1, 2, 4]}": [1, -181.13195187332923, []], "{\"10.0.0.11_10.0.0.41\": [1, 2, 4], \"10.0.0.12_10.0.0.42\": [1, 3, 4], \"10.0.0.13_10.0.0.43\": [1, 2, 4]}": [0, -140, []], "{\"10.0.0.11_10.0.0.41\": [1, 3, 4], \"10.0.0.12_10.0.0.42\": [1, 2, 4], \"10.0.0.13_10.0.0.43\": [1, 2, 4]}": [1, -201.06399202722145, []], "{\"10.0.0.11_10.0.0.41\": [1, 2, 4], \"10.0.0.12_10.0.0.42\": [1, 2, 4], \"10.0.0.13_10.0.0.43\": [1, 2, 4]}": [1, -217.6567677620443, []], "\"NoTrans\"": [1, -201.16916106351655, []]}, "{\"10.0.0.11_10.0.0.41\": [1, 3, 4], \"10.0.0.12_10.0.0.42\": [1, 3, 4], \"10.0.0.13_10.0.0.43\": [1, 2, 4]}": {"{\"10.0.0.11_10.0.0.41\": [1, 3, 4], \"10.0.0.12_10.0.0.42\": [1, 3, 4], \"10.0.0.13_10.0.0.43\": [1, 3, 4]}": [1, -195.99281422159828, []], "{\"10.0.0.11_10.0.0.41\": [1, 2, 4], \"10.0.0.12_10.0.0.42\": [1, 3, 4], \"10.0.0.13_10.0.0.43\": [1, 3, 4]}": [1, -170.28609759663593, []], "{\"10.0.0.11_10.0.0.41\": [1, 3, 4], \"10.0.0.12_10.0.0.42\": [1, 2, 4], \"10.0.0.13_10.0.0.43\": [1, 3, 4]}": [1, -182.7883562589204, []], "{\"10.0.0.11_10.0.0.41\": [1, 2, 4], \"10.0.0.12_10.0.0.42\": [1, 2, 4], \"10.0.0.13_10.0.0.43\": [1, 3, 4]}": [1, -201.4559188045533, []], "{\"10.0.0.11_10.0.0.41\": [1, 2, 4], \"10.0.0.12_10.0.0.42\": [1, 3, 4], \"10.0.0.13_10.0.0.43\": [1, 2, 4]}": [0, -140, []], "{\"10.0.0.11_10.0.0.41\": [1, 3, 4], \"10.0.0.12_10.0.0.42\": [1, 2, 4], \"10.0.0.13_10.0.0.43\": [1, 2, 4]}": [0, -140, []], "{\"10.0.0.11_10.0.0.41\": [1, 2, 4], \"10.0.0.12_10.0.0.42\": [1, 2, 4], \"10.0.0.13_10.0.0.43\": [1, 2, 4]}": [0, -140, []], "\"NoTrans\"": [0, -140, []]}, "{\"10.0.0.11_10.0.0.41\": [1, 2, 4], \"10.0.0.12_10.0.0.42\": [1, 3, 4], \"10.0.0.13_10.0.0.43\": [1, 2, 4]}": {"{\"10.0.0.11_10.0.0.41\": [1, 3, 4], \"10.0.0.12_10.0.0.42\": [1, 3, 4], \"10.0.0.13_10.0.0.43\": [1, 3, 4]}": [0, -140, []], "{\"10.0.0.11_10.0.0.41\": [1, 2, 4], \"10.0.0.12_10.0.0.42\": [1, 3, 4], \"10.0.0.13_10.0.0.43\": [1, 3, 4]}": [0, -140, []], "{\"10.0.0.11_10.0.0.41\": [1, 3, 4], \"10.0.0.12_10.0.0.42\": [1, 2, 4], \"10.0.0.13_10.0.0.43\": [1, 3, 4]}": [1, -184.16757547013918, []], "{\"10.0.0.11_10.0.0.41\": [1, 2, 4], \"10.0.0.12_10.0.0.42\": [1, 2, 4], \"10.0.0.13_10.0.0.43\": [1, 3, 4]}": [0, -140, []], "{\"10.0.0.11_10.0.0.41\": [1, 3, 4], \"10.0.0.12_10.0.0.42\": [1, 3, 4], \"10.0.0.13_10.0.0.43\": [1, 2, 4]}": [0, -140, []], "{\"10.0.0.11_10.0.0.41\": [1, 3, 4], \"10.0.0.12_10.0.0.42\": [1, 2, 4], \"10.0.0.13_10.0.0.43\": [1, 2, 4]}": [0, -140, []], "{\"10.0.0.11_10.0.0.41\": [1, 2, 4], \"10.0.0.12_10.0.0.42\": [1, 2, 4], \"10.0.0.13_10.0.0.43\": [1, 2, 4]}": [1, -220.07969764359086, []], "\"NoTrans\"": [0, -140, []]}, "{\"10.0.0.11_10.0.0.41\": [1, 3, 4], \"10.0.0.12_10.0.0.42\": [1, 2, 4], \"10.0.0.13_10.0.0.43\": [1, 2, 4]}": {"{\"10.0.0.11_10.0.0.41\": [1, 3, 4], \"10.0.0.12_10.0.0.42\": [1, 3, 4], \"10.0.0.13_10.0.0.43\": [1, 3, 4]}": [0, -140, []], "{\"10.0.0.11_10.0.0.41\": [1, 2, 4], \"10.0.0.12_10.0.0.42\": [1, 3, 4], \"10.0.0.13_10.0.0.43\": [1, 3, 4]}": [1, -168.8720302863914, []], "{\"10.0.0.11_10.0.0.41\": [1, 3, 4], \"10.0.0.12_10.0.0.42\": [1, 2, 4], \"10.0.0.13_10.0.0.43\": [1, 3, 4]}": [1, -183.11808970161445, []], "{\"10.0.0.11_10.0.0.41\": [1, 2, 4], \"10.0.0.12_10.0.0.42\": [1, 2, 4], \"10.0.0.13_10.0.0.43\": [1, 3, 4]}": [0, -140, []], "{\"10.0.0.11_10.0.0.41\": [1, 3, 4], \"10.0.0.12_10.0.0.42\": [1, 3, 4], \"10.0.0.13_10.0.0.43\": [1, 2, 4]}": [1, -183.152049913761, []], "{\"10.0.0.11_10.0.0.41\": [1, 2, 4], \"10.0.0.12_10.0.0.42\": [1, 3, 4], \"10.0.0.13_10.0.0.43\": [1, 2, 4]}": [1, -199.46560623718975, []], "{\"10.0.0.11_10.0.0.41\": [1, 2, 4], \"10.0.0.12_10.0.0.42\": [1, 2, 4], \"10.0.0.13_10.0.0.43\": [1, 2, 4]}": [0, -140, []], "\"NoTrans\"": [1, -198.73991026281138, []]}, "{\"10.0.0.11_10.0.0.41\": [1, 2, 4], \"10.0.0.12_10.0.0.42\": [1, 2, 4], \"10.0.0.13_10.0.0.43\": [1, 2, 4]}": {"{\"10.0.0.11_10.0.0.41\": [1, 3, 4], \"10.0.0.12_10.0.0.42\": [1, 3, 4], \"10.0.0.13_10.0.0.43\": [1, 3, 4]}": [0, -140, []],