{"{\"10.0.0.11_10.0.0.51\": [1, 4, 5], \"10.0.0.12_10.0.0.52\": [1, 4, 5], \"10.0.0.13_10.0.0.53\": [1, 4, 5]}": {"[\"10.0.0.12_10.0.0.52\", [1, 3, 5]]": [17, 1.6279901382978075, []], "[\"10.0.0.12_10.0.0.52\", [1, 2, 5]]": [2, 0.3854815045207225, []], "[\"10.0.0.13_10.0.0.53\", [1, 3, 5]]": [0, -Infinity, []], "[\"10.0.0.13_10.0.0.53\", [1, 2, 5]]": [0, -Infinity, []], "[\"10.0.0.11_10.0.0.51\", [1, 3, 5]]": [0, -Infinity, []], "[\"10.0.0.11_10.0.0.51\", [1, 2, 5]]": [0, -Infinity, []], "[\"NoTrans\", []]": [0, -Infinity, []]}, "{\"10.0.0.11_10.0.0.51\": [1, 3, 5], \"10.0.0.12_10.0.0.52\": [1, 4, 5], \"10.0.0.13_10.0.0.53\": [1, 4, 5]}": {"[\"10.0.0.12_10.0.0.52\", [1, 3, 5]]": [17, 1.4224003307749469, []], "[\"10.0.0.12_10.0.0.52\", [1, 2, 5]]": [0, -Infinity, []], "[\"10.0.0.13_10.0.0.53\", [1, 3, 5]]": [0, -Infinity, []], "[\"10.0.0.13_10.0.0.53\", [1, 2, 5]]": [1, -0.03528585273486436, []], "[\"10.0.0.11_10.0.0.51\", [1, 4, 5]]": [1, 0.2850778590948399, []], "[\"10.0.0.11_10.0.0.51\", [1, 2, 5]]": [0, -Infinity, []], "[\"NoTrans\", []]": [0, -Infinity, []]}, "{\"10.0.0.11_10.0.0.51\": [1, 2, 5], \"10.0.0.12_10.0.0.52\": [1, 4, 5], \"10.0.0.13_10.0.0.53\": [1, 4, 5]}": {"[\"10.0.0.12_10.0.0.52\", [1, 3, 5]]": [0, -Infinity, []], "[\"10.0.0.12_10.0.0.52\", [1, 2, 5]]": [0, -Infinity, []], "[\"10.0.0.13_10.0.0.53\", [1, 3, 5]]": [0, -Infinity, []], "[\"10.0.0.13_10.0.0.53\", [1, 2, 5]]": [0, -Infinity, []], "[\"10.0.0.11_10.0.0.51\", [1, 4, 5]]": [0, -Infinity, []], "[\"10.0.0.11_10.0.0.51\", [1, 3, 5]]": [0, -Infinity, []], "[\"NoTrans\", []]": [0, -Infinity, []]}, "{\"10.0.0.11_10.0.0.51\": [1, 4, 5], \"10.0.0.12_10.0.0.52\": [1, 4, 5], \"10.0.0.13_10.0.0.53\": [1, 3, 5]}": {"[\"10.0.0.12_10.0.0.52\", [1, 3, 5]]": [0, -Infinity, []], "[\"10.0.0.12_10.0.0.52\", [1, 2, 5]]": [0, -Infinity, []], "[\"10.0.0.13_10.0.0.53\", [1, 4, 5]]": [0, -Infinity, []], "[\"10.0.0.13_10.0.0.53\", [1, 2, 5]]": [0, -Infinity, []], "[\"10.0.0.11_10.0.0.51\", [1, 3, 5]]": [0, -Infinity, []], "[\"10.0.0.11_10.0.0.51\", [1, 2, 5]]": [0, -Infinity, []], "[\"NoTrans\", []]": [0, -Infinity, []]}, "{\"10.0.0.11_10.0.0.51\": [1, 3, 5], \"10.0.0.12_10.0.0.52\": [1, 4, 5], \"10.0.0.13_10.0.0.53\": [1, 3, 5]}": {"[\"10.0.0.12_10.0.0.52\", [1, 3, 5]]": [42, 0.991245979286613, []], "[\"10.0.0.12_10.0.0.52\", [1, 2, 5]]": [0, -Infinity, []], "[\"10.0.0.13_10.0.0.53\", [1, 4, 5]]": [0, -Infinity, []], "[\"10.0.0.13_10.0.0.53\", [1, 2, 5]]": [0, -Infinity, []], "[\"10.0.0.11_10.0.0.51\", [1, 4, 5]]": [0, -Infinity, []], "[\"10.0.0.11_10.0.0.51\", [1, 2, 5]]": [0, -Infinity, []], "[\"NoTrans\", []]": [0, -Infinity, []]}, "{\"10.0.0.11_10.0.0.51\": [1, 2, 5], \"10.0.0.12_10.0.0.52\": [1, 4, 5], \"10.0.0.13_10.0.0.53\": [1, 3, 5]}": {"[\"10.0.0.12_10.0.0.52\", [1, 3, 5]]": [13, 0.37482729695441264, []], "[\"10.0.0.12_10.0.0.52\", [1, 2, 5]]": [0, -Infinity, []], "[\"10.0.0.13_10.0.0.53\", [1, 4, 5]]": [0, -Infinity, []], "[\"10.0.0.13_10.0.0.53\", [1, 2, 5]]": [0, -Infinity, []], "[\"10.0.0.11_10.0.0.51\", [1, 4, 5]]": [0, -Infinity, []], "[\"10.0.0.11_10.0.0.51\", [1, 3, 5]]": [0, -Infinity, []], "[\"NoTrans\", []]": [2, 0.0424846922725684, []]}, "{\"10.0.0.11_10.0.0.51\": [1, 4, 5], \"10.0.0.12_10.0.0.52\": [1, 4, 5], \"10.0.0.13_10.0.0.53\": [1, 2, 5]}": {"[\"10.0.0.12_10.0.0.52\", [1, 3, 5]]": [0, -Infinity, []], "[\"10.0.0.12_10.0.0.52\", [1, 2, 5]]": [0, -Infinity, []], "[\"10.0.0.13_10.0.0.53\", [1, 4, 5]]": [0, -Infinity, []], "[\"10.0.0.13_10.0.0.53\", [1, 3, 5]]": [0, -Infinity, []], "[\"10.0.0.11_10.0.0.51\", [1, 3, 5]]": [0, -Infinity, []], "[\"10.0.0.11_10.0.0.51\", [1, 2, 5]]": [0, -Infinity, []], "[\"NoTrans\", []]": [0, -Infinity, []]}, "{\"10.0.0.11_10.0.0.51\": [1, 3, 5], \"10.0.0.12_10.0.0.52\": [1, 4, 5], \"10.0.0.13_10.0.0.53\": [1, 2, 5]}": {"[\"10.0.0.12_10.0.0.52\", [1, 3, 5]]": [7, 1.6524724544373575, []], "[\"10.0.0.12_10.0.0.52\", [1, 2, 5]]": [0, -Infinity, []], "[\"10.0.0.13_10.0.0.53\", [1, 4, 5]]": [0, -Infinity, []], "[\"10.0.0.13_10.0.0.53\", [1, 3, 5]]": [1, -0.3526873016206691, []], "[\"10.0.0.11_10.0.0.51\", [1, 4, 5]]": [0, -Infinity, []], "[\"10.0.0.11_10.0.0.51\", [1, 2, 5]]": [0, -Infinity, []], "[\"NoTrans\", []]": [0, -Infinity, []]}, "{\"10.0.0.11_10.0.0.51\": [1, 2, 5], \"10.0.0.12_10.0.0.52\": [1, 4, 5], \"10.0.0.13_10.0.0.53\": [1, 2, 5]}": {"[\"10.0.0.12_10.0.0.52\", [1, 3, 5]]": [0, -Infinity, []], "[\"10.0.0.12_10.0.0.52\", [1, 2, 5]]": [0, -Infinity, []], "[\"10.0.0.13_10.0.0.53\", [1, 4, 5]]": [0, -Infinity, []], "[\"10.0.0.13_10.0.0.53\", [1, 3, 5]]": [0, -Infinity, []], "[\"10.0.0.11_10.0.0.51\", [1, 4, 5]]": [0, -Infinity, []], "[\"10.0.0.11_10.0.0.51\", [1, 3, 5]]": [0, -Infinity, []], "[\"NoTrans\", []]": [0, -Infinity, []]}, "{\"10.0.0.11_10.0.0.51\": [1, 4, 5], \"10.0.0.12_10.0.0.52\": [1, 3, 5], \"10.0.0.13_10.0.0.53\": [1, 4, 5]}": {"[\"10.0.0.12_10.0.0.52\", [1, 4, 5]]": [16, 1.3523332920688031, []], "[\"10.0.0.12_10.0.0.52\", [1, 2, 5]]": [0, -Infinity, []], "[\"10.0.0.13_10.0.0.53\", [1, 3, 5]]": [0, -Infinity, []], "[\"10.0.0.13_10.0.0.53\", [1, 2, 5]]": [0, -Infinity, []], "[\"10.0.0.11_10.0.0.51\", [1, 3, 5]]": [0, -Infinity, []], "[\"10.0.0.11_10.0.0.51\", [1, 2, 5]]": [0, -Infinity, []], "[\"NoTrans\", []]": [0, -Infinity, []]}, "{\"10.0.0.11_10.0.0.51\": [1, 3, 5], \"10.0.0.12_10.0.0.52\": [1, 3, 5], \"10.0.0.13_10.0.0.53\": [1, 4, 5]}": {"[\"10.0.0.12_10.0.0.52\", [1, 4, 5]]": [19, 1.3139172617876658, []], "[\"10.0.0.12_10.0.0.52\", [1, 2, 5]]": [0, -Infinity, []], "[\"10.0.0.13_10.0.0.53\", [1, 3, 5]]": [0, -Infinity, []], "[\"10.0.0.13_10.0.0.53\", [1, 2, 5]]": [0, -Infinity, []], "[\"10.0.0.11_10.0.0.51\", [1, 4, 5]]": [0, -Infinity, []], "[\"10.0.0.11_10.0.0.51\", [1, 2, 5]]": [0, -Infinity, []], "[\"NoTrans\", []]": [0, -Infinity, []]}, "{\"10.0.0.11_10.0.0.51\": [1, 2, 5], \"10.0.0.12_10.0.0.52\": [1, 3, 5], \"10.0.0.13_10.0.0.53\": [1, 4, 5]}": {"[\"10.0.0.12_10.0.0.52\", [1, 4, 5]]": [0, -Infinity, []], "[\"10.0.0.12_10.0.0.52\", [1, 2, 5]]": [0, -Infinity, []], "[\"10.0.0.13_10.0.0.53\", [1, 3, 5]]": [0, -Infinity, []], "[\"10.0.0.13_10.0.0.53\", [1, 2, 5]]": [0, -Infinity, []], "[\"10.0.0.11_10.0.0.51\", [1, 4, 5]]": [0, -Infinity, []], "[\"10.0.0.11_10.0.0.51\", [1, 3, 5]]": [0, -Infinity, []], "[\"NoTrans\", []]": [0, -Infinity, []]}, "{\"10.0.0.11_10.0.0.51\": [1, 4, 5], \"10.0.0.12_10.0.0.52\": [1, 3, 5], \"10.0.0.13_10.0.0.53\": [1, 3, 5]}": {"[\"10.0.0.12_10.0.0.52\", [1, 4, 5]]": [0, -Infinity, []], "[\"10.0.0.12_10.0.0.52\", [1, 2, 5]]": [0, -Infinity, []], "[\"10.0.0.13_10.0.0.53\", [1, 4, 5]]": [0, -Infinity, []], "[\"10.0.0.13_10.0.0.53\", [1, 2, 5]]": [0, -Infinity, []], "[\"10.0.0.11_10.0.0.51\", [1, 3, 5]]": [0, -Infinity, []], "[\"10.0.0.11_10.0.0.51\", [1, 2, 5]]": [0, -Infinity, []], "[\"NoTrans\", []]": [0, -Infinity, []]}, "{\"10.0.0.11_10.0.0.51\": [1, 3, 5], \"10.0.0.12_10.0.0.52\": [1, 3, 5], \"10.0.0.13_10.0.0.53\": [1, 3, 5]}": {"[\"10.0.0.12_10.0.0.52\", [1, 4, 5]]": [41, 0.2288014796829937, []], "[\"10.0.0.12_10.0.0.52\", [1, 2, 5]]": [0, -Infinity, []], "[\"10.0.0.13_10.0.0.53\", [1, 4, 5]]": [2, 0.6766950072542794, []], "[\"10.0.0.13_10.0.0.53\", [1, 2, 5]]": [0, -Infinity, []], "[\"10.0.0.11_10.0.0.51\", [1, 4, 5]]": [0, -Infinity, []], "[\"10.0.0.11_10.0.0.51\", [1, 2, 5]]": [0, -Infinity, []], "[\"NoTrans\", []]": [0, -Infinity, []]}, "{\"10.0.0.11_10.0.0.51\": [1, 2, 5], \"10.0.0.12_10.0.0.52\": [1, 3, 5], \"10.0.0.13_10.0.0.53\": [1, 3, 5]}": {"[\"10.0.0.12_10.0.0.52\", [1, 4, 5]]": [12, -0.6161542870362537, []], "[\"10.0.0.12_10.0.0.52\", [1, 2, 5]]": [0, -Infinity, []], "[\"10.0.0.13_10.0.0.53\", [1, 4, 5]]": [0, -Infinity, []], "[\"10.0.0.13_10.0.0.53\", [1, 2, 5]]": [0, -Infinity, []], "[\"10.0.0.11_10.0.0.51\", [1, 4, 5]]": [0, -Infinity, []], "[\"10.0.0.11_10.0.0.51\", [1, 3, 5]]": [1, -0.05494800270615603, []], "[\"NoTrans\", []]": [0, -Infinity, []]},