{"{\"10.0.0.11_10.0.0.41\": [1, 3, 4], \"10.0.0.12_10.0.0.42\": [1, 3, 4], \"10.0.0.13_10.0.0.43\": [1, 3, 4]}": {"[\"10.0.0.11_10.0.0.41\", [1, 2, 4]]": [2, -138.23761551720668, []], "[\"10.0.0.12_10.0.0.42\", [1, 2, 4]]": [1, -185.6993240579332, []], "[\"10.0.0.13_10.0.0.43\", [1, 2, 4]]": [1, -182.65344781944847, []], "[\"NoTrans\", []]": [1, -197.24067459106445, []]}, "{\"10.0.0.11_10.0.0.41\": [1, 3, 4], \"10.0.0.12_10.0.0.42\": [1, 3, 4], \"10.0.0.13_10.0.0.43\": [1, 2, 4]}": {"[\"10.0.0.11_10.0.0.41\", [1, 2, 4]]": [1, -200.33075136626235, []], "[\"10.0.0.12_10.0.0.42\", [1, 2, 4]]": [1, -199.02712530138365, []], "[\"10.0.0.13_10.0.0.43\", [1, 3, 4]]": [1, -197.4786163330078, []], "[\"NoTrans\", []]": [1, -180.98492009024912, []]}, "{\"10.0.0.11_10.0.0.41\": [1, 3, 4], \"10.0.0.12_10.0.0.42\": [1, 2, 4], \"10.0.0.13_10.0.0.43\": [1, 3, 4]}": {"[\"10.0.0.11_10.0.0.41\", [1, 2, 4]]": [1, -201.83501222849273, []], "[\"10.0.0.12_10.0.0.42\", [1, 3, 4]]": [2, -210.50445281982422, []], "[\"10.0.0.13_10.0.0.43\", [1, 2, 4]]": [1, -199.72122845389285, []], "[\"NoTrans\", []]": [2, -220.04460334194852, []]}, "{\"10.0.0.11_10.0.0.41\": [1, 3, 4], \"10.0.0.12_10.0.0.42\": [1, 2, 4], \"10.0.0.13_10.0.0.43\": [1, 2, 4]}": {"[\"10.0.0.11_10.0.0.41\", [1, 2, 4]]": [1, -217.84185180664065, []], "[\"10.0.0.12_10.0.0.42\", [1, 3, 4]]": [1, -182.69023263465817, []], "[\"10.0.0.13_10.0.0.43\", [1, 3, 4]]": [1, -211.67740914508695, []], "[\"NoTrans\", []]": [0, -140, []]}, "{\"10.0.0.11_10.0.0.41\": [1, 2, 4], \"10.0.0.12_10.0.0.42\": [1, 3, 4], \"10.0.0.13_10.0.0.43\": [1, 3, 4]}": {"[\"10.0.0.11_10.0.0.41\", [1, 3, 4]]": [1, -200.51520798017768, []], "[\"10.0.0.12_10.0.0.42\", [1, 2, 4]]": [1, -201.6738730546072, []], "[\"10.0.0.13_10.0.0.43\", [1, 2, 4]]": [1, -201.34702076045855, []], "[\"NoTrans\", []]": [758, -129.42543776016984, []]}, "{\"10.0.0.11_10.0.0.41\": [1, 2, 4], \"10.0.0.12_10.0.0.42\": [1, 3, 4], \"10.0.0.13_10.0.0.43\": [1, 2, 4]}": {"[\"10.0.0.11_10.0.0.41\", [1, 3, 4]]": [1, -182.14585007454616, []], "[\"10.0.0.12_10.0.0.42\", [1, 2, 4]]": [1, -220.32903442382815, []], "[\"10.0.0.13_10.0.0.43\", [1, 3, 4]]": [1, -174.00611416582947, []], "[\"NoTrans\", []]": [1, -202.8590569442227, []]}, "{\"10.0.0.11_10.0.0.41\": [1, 2, 4], \"10.0.0.12_10.0.0.42\": [1, 2, 4], \"10.0.0.13_10.0.0.43\": [1, 3, 4]}": {"[\"10.0.0.11_10.0.0.41\", [1, 3, 4]]": [1, -184.31276112753844, []], "[\"10.0.0.12_10.0.0.42\", [1, 3, 4]]": [1, -175.6115381995447, []], "[\"10.0.0.13_10.0.0.43\", [1, 2, 4]]": [1, -219.34970626831057, []], "[\"NoTrans\", []]": [1, -202.07236648910222, []]}, "{\"10.0.0.11_10.0.0.41\": [1, 2, 4], \"10.0.0.12_10.0.0.42\": [1, 2, 4], \"10.0.0.13_10.0.0.43\": [1, 2, 4]}": {"[\"10.0.0.11_10.0.0.41\", [1, 3, 4]]": [1, -201.29443533334046, []], "[\"10.0.0.12_10.0.0.42\", [1, 3, 4]]": [1, -202.4362559291999, []], "[\"10.0.0.13_10.0.0.43\", [1, 3, 4]]": [1, -201.6669777070753, []], "[\"NoTrans\", []]": [1, -219.62016830444338, []]}}