{"{\"10.0.0.11_10.0.0.41\": [1, 3, 5, 6], \"10.0.0.12_10.0.0.42\": [1, 3, 5, 6], \"10.0.0.13_10.0.0.43\": [1, 3, 5, 6]}": {"{\"10.0.0.11_10.0.0.41\": [1, 3, 5, 6], \"10.0.0.12_10.0.0.42\": [1, 3, 5, 6], \"10.0.0.13_10.0.0.43\": [1, 2, 4, 6]}": [1, -116.79765283373082, []], "{\"10.0.0.11_10.0.0.41\": [1, 3, 5, 6], \"10.0.0.12_10.0.0.42\": [1, 2, 4, 6], \"10.0.0.13_10.0.0.43\": [1, 3, 5, 6]}": [0, -140, []], "{\"10.0.0.11_10.0.0.41\": [1, 3, 5, 6], \"10.0.0.12_10.0.0.42\": [1, 2, 4, 6], \"10.0.0.13_10.0.0.43\": [1, 2, 4, 6]}": [0, -140, []], "{\"10.0.0.11_10.0.0.41\": [1, 2, 4, 6], \"10.0.0.12_10.0.0.42\": [1, 3, 5, 6], \"10.0.0.13_10.0.0.43\": [1, 3, 5, 6]}": [0, -140, []], "{\"10.0.0.11_10.0.0.41\": [1, 2, 4, 6], \"10.0.0.12_10.0.0.42\": [1, 3, 5, 6], \"10.0.0.13_10.0.0.43\": [1, 2, 4, 6]}": [0, -140, []], "{\"10.0.0.11_10.0.0.41\": [1, 2, 4, 6], \"10.0.0.12_10.0.0.42\": [1, 2, 4, 6], \"10.0.0.13_10.0.0.43\": [1, 3, 5, 6]}": [0, -140, []], "{\"10.0.0.11_10.0.0.41\": [1, 2, 4, 6], \"10.0.0.12_10.0.0.42\": [1, 2, 4, 6], \"10.0.0.13_10.0.0.43\": [1, 2, 4, 6]}": [0, -140, []], "\"NoTrans\"": [0, -140, []]}, "{\"10.0.0.11_10.0.0.41\": [1, 3, 5, 6], \"10.0.0.12_10.0.0.42\": [1, 3, 5, 6], \"10.0.0.13_10.0.0.43\": [1, 2, 4, 6]}": {"{\"10.0.0.11_10.0.0.41\": [1, 3, 5, 6], \"10.0.0.12_10.0.0.42\": [1, 3, 5, 6], \"10.0.0.13_10.0.0.43\": [1, 3, 5, 6]}": [0, -140, []], "{\"10.0.0.11_10.0.0.41\": [1, 3, 5, 6], \"10.0.0.12_10.0.0.42\": [1, 2, 4, 6], \"10.0.0.13_10.0.0.43\": [1, 3, 5, 6]}": [0, -140, []], "{\"10.0.0.11_10.0.0.41\": [1, 3, 5, 6], \"10.0.0.12_10.0.0.42\": [1, 2, 4, 6], \"10.0.0.13_10.0.0.43\": [1, 2, 4, 6]}": [0, -140, []], "{\"10.0.0.11_10.0.0.41\": [1, 2, 4, 6], \"10.0.0.12_10.0.0.42\": [1, 3, 5, 6], \"10.0.0.13_10.0.0.43\": [1, 3, 5, 6]}": [0, -140, []], "{\"10.0.0.11_10.0.0.41\": [1, 2, 4, 6], \"10.0.0.12_10.0.0.42\": [1, 3, 5, 6], \"10.0.0.13_10.0.0.43\": [1, 2, 4, 6]}": [0, -140, []], "{\"10.0.0.11_10.0.0.41\": [1, 2, 4, 6], \"10.0.0.12_10.0.0.42\": [1, 2, 4, 6], \"10.0.0.13_10.0.0.43\": [1, 3, 5, 6]}": [0, -140, []], "{\"10.0.0.11_10.0.0.41\": [1, 2, 4, 6], \"10.0.0.12_10.0.0.42\": [1, 2, 4, 6], \"10.0.0.13_10.0.0.43\": [1, 2, 4, 6]}": [1, -116.50877517710586, []], "\"NoTrans\"": [0, -140, []]}, "{\"10.0.0.11_10.0.0.41\": [1, 3, 5, 6], \"10.0.0.12_10.0.0.42\": [1, 2, 4, 6], \"10.0.0.13_10.0.0.43\": [1, 3, 5, 6]}": {"{\"10.0.0.11_10.0.0.41\": [1, 3, 5, 6], \"10.0.0.12_10.0.0.42\": [1, 3, 5, 6], \"10.0.0.13_10.0.0.43\": [1, 3, 5, 6]}": [0, -140, []], "{\"10.0.0.11_10.0.0.41\": [1, 3, 5, 6], \"10.0.0.12_10.0.0.42\": [1, 3, 5, 6], \"10.0.0.13_10.0.0.43\": [1, 2, 4, 6]}": [0, -140, []], "{\"10.0.0.11_10.0.0.41\": [1, 3, 5, 6], \"10.0.0.12_10.0.0.42\": [1, 2, 4, 6], \"10.0.0.13_10.0.0.43\": [1, 2, 4, 6]}": [0, -140, []], "{\"10.0.0.11_10.0.0.41\": [1, 2, 4, 6], \"10.0.0.12_10.0.0.42\": [1, 3, 5, 6], \"10.0.0.13_10.0.0.43\": [1, 3, 5, 6]}": [0, -140, []], "{\"10.0.0.11_10.0.0.41\": [1, 2, 4, 6], \"10.0.0.12_10.0.0.42\": [1, 3, 5, 6], \"10.0.0.13_10.0.0.43\": [1, 2, 4, 6]}": [0, -140, []], "{\"10.0.0.11_10.0.0.41\": [1, 2, 4, 6], \"10.0.0.12_10.0.0.42\": [1, 2, 4, 6], \"10.0.0.13_10.0.0.43\": [1, 3, 5, 6]}": [2, -97.63498296414713, []], "{\"10.0.0.11_10.0.0.41\": [1, 2, 4, 6], \"10.0.0.12_10.0.0.42\": [1, 2, 4, 6], \"10.0.0.13_10.0.0.43\": [1, 2, 4, 6]}": [0, -140, []], "\"NoTrans\"": [0, -140, []]}, "{\"10.0.0.11_10.0.0.41\": [1, 3, 5, 6], \"10.0.0.12_10.0.0.42\": [1, 2, 4, 6], \"10.0.0.13_10.0.0.43\": [1, 2, 4, 6]}": {"{\"10.0.0.11_10.0.0.41\": [1, 3, 5, 6], \"10.0.0.12_10.0.0.42\": [1, 3, 5, 6], \"10.0.0.13_10.0.0.43\": [1, 3, 5, 6]}": [0, -140, []], "{\"10.0.0.11_10.0.0.41\": [1, 3, 5, 6], \"10.0.0.12_10.0.0.42\": [1, 3, 5, 6], \"10.0.0.13_10.0.0.43\": [1, 2, 4, 6]}": [0, -140, []], "{\"10.0.0.11_10.0.0.41\": [1, 3, 5, 6], \"10.0.0.12_10.0.0.42\": [1, 2, 4, 6], \"10.0.0.13_10.0.0.43\": [1, 3, 5, 6]}": [0, -140, []], "{\"10.0.0.11_10.0.0.41\": [1, 2, 4, 6], \"10.0.0.12_10.0.0.42\": [1, 3, 5, 6], \"10.0.0.13_10.0.0.43\": [1, 3, 5, 6]}": [2, -97.257942071509, []], "{\"10.0.0.11_10.0.0.41\": [1, 2, 4, 6], \"10.0.0.12_10.0.0.42\": [1, 3, 5, 6], \"10.0.0.13_10.0.0.43\": [1, 2, 4, 6]}": [0, -140, []], "{\"10.0.0.11_10.0.0.41\": [1, 2, 4, 6], \"10.0.0.12_10.0.0.42\": [1, 2, 4, 6], \"10.0.0.13_10.0.0.43\": [1, 3, 5, 6]}": [0, -140, []], "{\"10.0.0.11_10.0.0.41\": [1, 2, 4, 6], \"10.0.0.12_10.0.0.42\": [1, 2, 4, 6], \"10.0.0.13_10.0.0.43\": [1, 2, 4, 6]}": [0, -140, []], "\"NoTrans\"": [0, -140, []]}, "{\"10.0.0.11_10.0.0.41\": [1, 2, 4, 6], \"10.0.0.12_10.0.0.42\": [1, 3, 5, 6], \"10.0.0.13_10.0.0.43\": [1, 3, 5, 6]}": {"{\"10.0.0.11_10.0.0.41\": [1, 3, 5, 6], \"10.0.0.12_10.0.0.42\": [1, 3, 5, 6], \"10.0.0.13_10.0.0.43\": [1, 3, 5, 6]}": [0, -140, []], "{\"10.0.0.11_10.0.0.41\": [1, 3, 5, 6], \"10.0.0.12_10.0.0.42\": [1, 3, 5, 6], \"10.0.0.13_10.0.0.43\": [1, 2, 4, 6]}": [0, -140, []], "{\"10.0.0.11_10.0.0.41\": [1, 3, 5, 6], \"10.0.0.12_10.0.0.42\": [1, 2, 4, 6], \"10.0.0.13_10.0.0.43\": [1, 3, 5, 6]}": [0, -140, []], "{\"10.0.0.11_10.0.0.41\": [1, 3, 5, 6], \"10.0.0.12_10.0.0.42\": [1, 2, 4, 6], \"10.0.0.13_10.0.0.43\": [1, 2, 4, 6]}": [0, -140, []], "{\"10.0.0.11_10.0.0.41\": [1, 2, 4, 6], \"10.0.0.12_10.0.0.42\": [1, 3, 5, 6], \"10.0.0.13_10.0.0.43\": [1, 2, 4, 6]}": [2, -97.43244740646276, []], "{\"10.0.0.11_10.0.0.41\": [1, 2, 4, 6], \"10.0.0.12_10.0.0.42\": [1, 2, 4, 6], \"10.0.0.13_10.0.0.43\": [1, 3, 5, 6]}": [0, -140, []], "{\"10.0.0.11_10.0.0.41\": [1, 2, 4, 6], \"10.0.0.12_10.0.0.42\": [1, 2, 4, 6], \"10.0.0.13_10.0.0.43\": [1, 2, 4, 6]}": [0, -140, []], "\"NoTrans\"": [0, -140, []]}, "{\"10.0.0.11_10.0.0.41\": [1, 2, 4, 6], \"10.0.0.12_10.0.0.42\": [1, 3, 5, 6], \"10.0.0.13_10.0.0.43\": [1, 2, 4, 6]}": {"{\"10.0.0.11_10.0.0.41\": [1, 3, 5, 6], \"10.0.0.12_10.0.0.42\": [1, 3, 5, 6], \"10.0.0.13_10.0.0.43\": [1, 3, 5, 6]}": [0, -140, []], "{\"10.0.0.11_10.0.0.41\": [1, 3, 5, 6], \"10.0.0.12_10.0.0.42\": [1, 3, 5, 6], \"10.0.0.13_10.0.0.43\": [1, 2, 4, 6]}": [0, -140, []], "{\"10.0.0.11_10.0.0.41\": [1, 3, 5, 6], \"10.0.0.12_10.0.0.42\": [1, 2, 4, 6], \"10.0.0.13_10.0.0.43\": [1, 3, 5, 6]}": [2, -97.38556063517346, []], "{\"10.0.0.11_10.0.0.41\": [1, 3, 5, 6], \"10.0.0.12_10.0.0.42\": [1, 2, 4, 6], \"10.0.0.13_10.0.0.43\": [1, 2, 4, 6]}": [0, -140, []], "{\"10.0.0.11_10.0.0.41\": [1, 2, 4, 6], \"10.0.0.12_10.0.0.42\": [1, 3, 5, 6], \"10.0.0.13_10.0.0.43\": [1, 3, 5, 6]}": [0, -140, []], "{\"10.0.0.11_10.0.0.41\": [1, 2, 4, 6], \"10.0.0.12_10.0.0.42\": [1, 2, 4, 6], \"10.0.0.13_10.0.0.43\": [1, 3, 5, 6]}": [0, -140, []], "{\"10.0.0.11_10.0.0.41\": [1, 2, 4, 6], \"10.0.0.12_10.0.0.42\": [1, 2, 4, 6], \"10.0.0.13_10.0.0.43\": [1, 2, 4, 6]}": [0, -140, []], "\"NoTrans\"": [0, -140, []]}, "{\"10.0.0.11_10.0.0.41\": [1, 2, 4, 6], \"10.0.0.12_10.0.0.42\": [1, 2, 4, 6], \"10.0.0.13_10.0.0.43\": [1, 3, 5, 6]}": {"{\"10.0.0.11_10.0.0.41\": [1, 3, 5, 6], \"10.0.0.12_10.0.0.42\": [1, 3, 5, 6], \"10.0.0.13_10.0.0.43\": [1, 3, 5, 6]}": [1, -116.45949919776352, []], "{\"10.0.0.11_10.0.0.41\": [1, 3, 5, 6], \"10.0.0.12_10.0.0.42\": [1, 3, 5, 6], \"10.0.0.13_10.0.0.43\": [1, 2, 4, 6]}": [0, -140, []], "{\"10.0.0.11_10.0.0.41\": [1, 3, 5, 6], \"10.0.0.12_10.0.0.42\": [1, 2, 4, 6], \"10.0.0.13_10.0.0.43\": [1, 3, 5, 6]}": [0, -140, []], "{\"10.0.0.11_10.0.0.41\": [1, 3, 5, 6], \"10.0.0.12_10.0.0.42\": [1, 2, 4, 6], \"10.0.0.13_10.0.0.43\": [1, 2, 4, 6]}": [0, -140, []], "{\"10.0.0.11_10.0.0.41\": [1, 2, 4, 6], \"10.0.0.12_10.0.0.42\": [1, 3, 5, 6], \"10.0.0.13_10.0.0.43\": [1, 3, 5, 6]}": [0, -140, []], "{\"10.0.0.11_10.0.0.41\": [1, 2, 4, 6], \"10.0.0.12_10.0.0.42\": [1, 3, 5, 6], \"10.0.0.13_10.0.0.43\": [1, 2, 4, 6]}": [0, -140, []], "{\"10.0.0.11_10.0.0.41\": [1, 2, 4, 6], \"10.0.0.12_10.0.0.42\": [1, 2, 4, 6], \"10.0.0.13_10.0.0.43\": [1, 2, 4, 6]}": [0, -140, []], "\"NoTrans\"": [0, -140, []]},