{"{\"10.0.0.11_10.0.0.41\": [1, 3, 4], \"10.0.0.12_10.0.0.42\": [1, 3, 4], \"10.0.0.13_10.0.0.43\": [1, 3, 4]}": {"[\"10.0.0.13_10.0.0.43\", [1, 2, 4]]": [1, -184.74051420714403, []], "[\"10.0.0.11_10.0.0.41\", [1, 2, 4]]": [2, -139.88048365807424, []], "[\"10.0.0.12_10.0.0.42\", [1, 2, 4]]": [1, -183.3010893159692, []], "[\"NoTrans\", []]": [1, -198.54844818115234, []]}, "{\"10.0.0.11_10.0.0.41\": [1, 3, 4], \"10.0.0.12_10.0.0.42\": [1, 2, 4], \"10.0.0.13_10.0.0.43\": [1, 3, 4]}": {"[\"10.0.0.13_10.0.0.43\", [1, 2, 4]]": [1, -199.50764304491295, []], "[\"10.0.0.11_10.0.0.41\", [1, 2, 4]]": [1, -201.50480091369548, []], "[\"10.0.0.12_10.0.0.42\", [1, 3, 4]]": [1, -198.17098388671874, []], "[\"NoTrans\", []]": [1, -185.5404095701368, []]}, "{\"10.0.0.11_10.0.0.41\": [1, 2, 4], \"10.0.0.12_10.0.0.42\": [1, 3, 4], \"10.0.0.13_10.0.0.43\": [1, 3, 4]}": {"[\"10.0.0.13_10.0.0.43\", [1, 2, 4]]": [0, -140, []], "[\"10.0.0.11_10.0.0.41\", [1, 3, 4]]": [1, -202.81941781436126, []], "[\"10.0.0.12_10.0.0.42\", [1, 2, 4]]": [1, -202.03770755685792, []], "[\"NoTrans\", []]": [0, -140, []]}, "{\"10.0.0.11_10.0.0.41\": [1, 2, 4], \"10.0.0.12_10.0.0.42\": [1, 2, 4], \"10.0.0.13_10.0.0.43\": [1, 3, 4]}": {"[\"10.0.0.13_10.0.0.43\", [1, 2, 4]]": [0, -140, []], "[\"10.0.0.11_10.0.0.41\", [1, 3, 4]]": [1, -185.92620187224855, []], "[\"10.0.0.12_10.0.0.42\", [1, 3, 4]]": [0, -140, []], "[\"NoTrans\", []]": [0, -140, []]}, "{\"10.0.0.11_10.0.0.41\": [1, 3, 4], \"10.0.0.12_10.0.0.42\": [1, 3, 4], \"10.0.0.13_10.0.0.43\": [1, 2, 4]}": {"[\"10.0.0.13_10.0.0.43\", [1, 3, 4]]": [1, -196.42099151611328, []], "[\"10.0.0.11_10.0.0.41\", [1, 2, 4]]": [0, -140, []], "[\"10.0.0.12_10.0.0.42\", [1, 2, 4]]": [0, -140, []], "[\"NoTrans\", []]": [1, -185.23851115848754, []]}, "{\"10.0.0.11_10.0.0.41\": [1, 3, 4], \"10.0.0.12_10.0.0.42\": [1, 2, 4], \"10.0.0.13_10.0.0.43\": [1, 2, 4]}": {"[\"10.0.0.13_10.0.0.43\", [1, 3, 4]]": [1, -183.88603162569174, []], "[\"10.0.0.11_10.0.0.41\", [1, 2, 4]]": [0, -140, []], "[\"10.0.0.12_10.0.0.42\", [1, 3, 4]]": [0, -140, []], "[\"NoTrans\", []]": [0, -140, []]}, "{\"10.0.0.11_10.0.0.41\": [1, 2, 4], \"10.0.0.12_10.0.0.42\": [1, 3, 4], \"10.0.0.13_10.0.0.43\": [1, 2, 4]}": {"[\"10.0.0.13_10.0.0.43\", [1, 3, 4]]": [0, -140, []], "[\"10.0.0.11_10.0.0.41\", [1, 3, 4]]": [0, -140, []], "[\"10.0.0.12_10.0.0.42\", [1, 2, 4]]": [0, -140, []], "[\"NoTrans\", []]": [0, -140, []]}, "{\"10.0.0.11_10.0.0.41\": [1, 2, 4], \"10.0.0.12_10.0.0.42\": [1, 2, 4], \"10.0.0.13_10.0.0.43\": [1, 2, 4]}": {"[\"10.0.0.13_10.0.0.43\", [1, 3, 4]]": [0, -140, []], "[\"10.0.0.11_10.0.0.41\", [1, 3, 4]]": [0, -140, []], "[\"10.0.0.12_10.0.0.42\", [1, 3, 4]]": [0, -140, []], "[\"NoTrans\", []]": [0, -140, []]}}