{"{\"10.0.0.11_10.0.0.41\": [1, 3, 4], \"10.0.0.12_10.0.0.42\": [1, 3, 4], \"10.0.0.13_10.0.0.43\": [1, 3, 4]}": {"[\"10.0.0.11_10.0.0.41\", [1, 2, 4]]": [2, -148.59735677204353, []], "[\"10.0.0.12_10.0.0.42\", [1, 2, 4]]": [1, -184.11199598629645, []], "[\"10.0.0.13_10.0.0.43\", [1, 2, 4]]": [1, -183.08475572145113, []], "[\"NoTrans\", []]": [1, -197.9672991450992, []]}, "{\"10.0.0.11_10.0.0.41\": [1, 3, 4], \"10.0.0.12_10.0.0.42\": [1, 3, 4], \"10.0.0.13_10.0.0.43\": [1, 2, 4]}": {"[\"10.0.0.11_10.0.0.41\", [1, 2, 4]]": [1, -198.65529868518564, []], "[\"10.0.0.12_10.0.0.42\", [1, 2, 4]]": [2, -241.82449933130448, []], "[\"10.0.0.13_10.0.0.43\", [1, 3, 4]]": [1, -199.64460144042968, []], "[\"NoTrans\", []]": [2, -221.62871290276064, []]}, "{\"10.0.0.11_10.0.0.41\": [1, 3, 4], \"10.0.0.12_10.0.0.42\": [1, 2, 4], \"10.0.0.13_10.0.0.43\": [1, 3, 4]}": {"[\"10.0.0.11_10.0.0.41\", [1, 2, 4]]": [1, -200.11708302216886, []], "[\"10.0.0.12_10.0.0.42\", [1, 3, 4]]": [2, -207.93496912800936, []], "[\"10.0.0.13_10.0.0.43\", [1, 2, 4]]": [1, -201.26078548059064, []], "[\"NoTrans\", []]": [2, -225.14887902092588, []]}, "{\"10.0.0.11_10.0.0.41\": [1, 3, 4], \"10.0.0.12_10.0.0.42\": [1, 2, 4], \"10.0.0.13_10.0.0.43\": [1, 2, 4]}": {"[\"10.0.0.11_10.0.0.41\", [1, 2, 4]]": [1, -222.63149032592776, []], "[\"10.0.0.12_10.0.0.42\", [1, 3, 4]]": [1, -185.23273838542246, []], "[\"10.0.0.13_10.0.0.43\", [1, 3, 4]]": [2, -194.2606888739788, []], "[\"NoTrans\", []]": [1, -203.12064469530796, []]}, "{\"10.0.0.11_10.0.0.41\": [1, 2, 4], \"10.0.0.12_10.0.0.42\": [1, 3, 4], \"10.0.0.13_10.0.0.43\": [1, 3, 4]}": {"[\"10.0.0.11_10.0.0.41\", [1, 3, 4]]": [1, -199.31215057373046, []], "[\"10.0.0.12_10.0.0.42\", [1, 2, 4]]": [1, -200.0843805735175, []], "[\"10.0.0.13_10.0.0.43\", [1, 2, 4]]": [1, -200.8383064003154, []], "[\"NoTrans\", []]": [750, -123.73277872101565, []]}, "{\"10.0.0.11_10.0.0.41\": [1, 2, 4], \"10.0.0.12_10.0.0.42\": [1, 3, 4], \"10.0.0.13_10.0.0.43\": [1, 2, 4]}": {"[\"10.0.0.11_10.0.0.41\", [1, 3, 4]]": [1, -213.5529991012503, []], "[\"10.0.0.12_10.0.0.42\", [1, 2, 4]]": [1, -219.7974563598633, []], "[\"10.0.0.13_10.0.0.43\", [1, 3, 4]]": [1, -170.24915684916508, []], "[\"NoTrans\", []]": [0, -140, []]}, "{\"10.0.0.11_10.0.0.41\": [1, 2, 4], \"10.0.0.12_10.0.0.42\": [1, 2, 4], \"10.0.0.13_10.0.0.43\": [1, 3, 4]}": {"[\"10.0.0.11_10.0.0.41\", [1, 3, 4]]": [1, -184.16666177069501, []], "[\"10.0.0.12_10.0.0.42\", [1, 3, 4]]": [1, -174.84241923147695, []], "[\"10.0.0.13_10.0.0.43\", [1, 2, 4]]": [1, -219.34503326416018, []], "[\"NoTrans\", []]": [1, -200.21890628532424, []]}, "{\"10.0.0.11_10.0.0.41\": [1, 2, 4], \"10.0.0.12_10.0.0.42\": [1, 2, 4], \"10.0.0.13_10.0.0.43\": [1, 2, 4]}": {"[\"10.0.0.11_10.0.0.41\", [1, 3, 4]]": [1, -201.00977676871042, []], "[\"10.0.0.12_10.0.0.42\", [1, 3, 4]]": [1, -202.55235887481268, []], "[\"10.0.0.13_10.0.0.43\", [1, 3, 4]]": [1, -202.23977075559696, []], "[\"NoTrans\", []]": [1, -223.52746734619143, []]}}