{"{\"10.0.0.11_10.0.0.41\": [1, 3, 4], \"10.0.0.12_10.0.0.42\": [1, 3, 4], \"10.0.0.13_10.0.0.43\": [1, 3, 4]}": {"[\"10.0.0.11_10.0.0.41\", [1, 2, 4]]": [2, -137.17316841629292, []], "[\"10.0.0.12_10.0.0.42\", [1, 2, 4]]": [1, -183.88036576092674, []], "[\"10.0.0.13_10.0.0.43\", [1, 2, 4]]": [1, -184.5913461148004, []], "[\"NoTrans\", []]": [0, -140, []]}, "{\"10.0.0.11_10.0.0.41\": [1, 3, 4], \"10.0.0.12_10.0.0.42\": [1, 3, 4], \"10.0.0.13_10.0.0.43\": [1, 2, 4]}": {"[\"10.0.0.11_10.0.0.41\", [1, 2, 4]]": [0, -140, []], "[\"10.0.0.12_10.0.0.42\", [1, 2, 4]]": [1, -201.6758869782199, []], "[\"10.0.0.13_10.0.0.43\", [1, 3, 4]]": [1, -197.63990900223226, []], "[\"NoTrans\", []]": [0, -140, []]}, "{\"10.0.0.11_10.0.0.41\": [1, 3, 4], \"10.0.0.12_10.0.0.42\": [1, 2, 4], \"10.0.0.13_10.0.0.43\": [1, 3, 4]}": {"[\"10.0.0.11_10.0.0.41\", [1, 2, 4]]": [1, -201.7642604596992, []], "[\"10.0.0.12_10.0.0.42\", [1, 3, 4]]": [1, -197.07371256058187, []], "[\"10.0.0.13_10.0.0.43\", [1, 2, 4]]": [1, -202.15896158447427, []], "[\"NoTrans\", []]": [1, -182.1080099457679, []]}, "{\"10.0.0.11_10.0.0.41\": [1, 3, 4], \"10.0.0.12_10.0.0.42\": [1, 2, 4], \"10.0.0.13_10.0.0.43\": [1, 2, 4]}": {"[\"10.0.0.11_10.0.0.41\", [1, 2, 4]]": [0, -140, []], "[\"10.0.0.12_10.0.0.42\", [1, 3, 4]]": [1, -182.0037673255843, []], "[\"10.0.0.13_10.0.0.43\", [1, 3, 4]]": [1, -183.83266286316467, []], "[\"NoTrans\", []]": [0, -140, []]}, "{\"10.0.0.11_10.0.0.41\": [1, 2, 4], \"10.0.0.12_10.0.0.42\": [1, 3, 4], \"10.0.0.13_10.0.0.43\": [1, 3, 4]}": {"[\"10.0.0.11_10.0.0.41\", [1, 3, 4]]": [1, -197.49323389236898, []], "[\"10.0.0.12_10.0.0.42\", [1, 2, 4]]": [1, -201.80559763434422, []], "[\"10.0.0.13_10.0.0.43\", [1, 2, 4]]": [1, -201.92545535505934, []], "[\"NoTrans\", []]": [763, -133.7255728859649, []]}, "{\"10.0.0.11_10.0.0.41\": [1, 2, 4], \"10.0.0.12_10.0.0.42\": [1, 3, 4], \"10.0.0.13_10.0.0.43\": [1, 2, 4]}": {"[\"10.0.0.11_10.0.0.41\", [1, 3, 4]]": [0, -140, []], "[\"10.0.0.12_10.0.0.42\", [1, 2, 4]]": [1, -219.2868591308594, []], "[\"10.0.0.13_10.0.0.43\", [1, 3, 4]]": [1, -187.17264751752313, []], "[\"NoTrans\", []]": [1, -201.46649769748012, []]}, "{\"10.0.0.11_10.0.0.41\": [1, 2, 4], \"10.0.0.12_10.0.0.42\": [1, 2, 4], \"10.0.0.13_10.0.0.43\": [1, 3, 4]}": {"[\"10.0.0.11_10.0.0.41\", [1, 3, 4]]": [1, -184.24004256015192, []], "[\"10.0.0.12_10.0.0.42\", [1, 3, 4]]": [1, -174.18037738052527, []], "[\"10.0.0.13_10.0.0.43\", [1, 2, 4]]": [1, -219.23516998291018, []], "[\"NoTrans\", []]": [1, -203.04986575318443, []]}, "{\"10.0.0.11_10.0.0.41\": [1, 2, 4], \"10.0.0.12_10.0.0.42\": [1, 2, 4], \"10.0.0.13_10.0.0.43\": [1, 2, 4]}": {"[\"10.0.0.11_10.0.0.41\", [1, 3, 4]]": [0, -140, []], "[\"10.0.0.12_10.0.0.42\", [1, 3, 4]]": [1, -202.17312054809986, []], "[\"10.0.0.13_10.0.0.43\", [1, 3, 4]]": [1, -202.44542136129107, []], "[\"NoTrans\", []]": [1, -219.48741683959963, []]}}