{"{\"10.0.0.11_10.0.0.41\": [1, 3, 4], \"10.0.0.12_10.0.0.42\": [1, 3, 4], \"10.0.0.13_10.0.0.43\": [1, 3, 4]}": {"[\"10.0.0.11_10.0.0.41\", [1, 2, 4]]": [2, -146.4980220927107, []], "[\"10.0.0.12_10.0.0.42\", [1, 2, 4]]": [1, -184.06294657764886, []], "[\"10.0.0.13_10.0.0.43\", [1, 2, 4]]": [0, -140, []], "[\"NoTrans\", []]": [0, -140, []]}, "{\"10.0.0.11_10.0.0.41\": [1, 3, 4], \"10.0.0.12_10.0.0.42\": [1, 3, 4], \"10.0.0.13_10.0.0.43\": [1, 2, 4]}": {"[\"10.0.0.11_10.0.0.41\", [1, 2, 4]]": [0, -140, []], "[\"10.0.0.12_10.0.0.42\", [1, 2, 4]]": [1, -201.08188761445348, []], "[\"10.0.0.13_10.0.0.43\", [1, 3, 4]]": [1, -199.14563903808593, []], "[\"NoTrans\", []]": [0, -140, []]}, "{\"10.0.0.11_10.0.0.41\": [1, 3, 4], \"10.0.0.12_10.0.0.42\": [1, 2, 4], \"10.0.0.13_10.0.0.43\": [1, 3, 4]}": {"[\"10.0.0.11_10.0.0.41\", [1, 2, 4]]": [1, -200.07716814298107, []], "[\"10.0.0.12_10.0.0.42\", [1, 3, 4]]": [1, -198.79592666625976, []], "[\"10.0.0.13_10.0.0.43\", [1, 2, 4]]": [0, -140, []], "[\"NoTrans\", []]": [1, -185.4817188917697, []]}, "{\"10.0.0.11_10.0.0.41\": [1, 3, 4], \"10.0.0.12_10.0.0.42\": [1, 2, 4], \"10.0.0.13_10.0.0.43\": [1, 2, 4]}": {"[\"10.0.0.11_10.0.0.41\", [1, 2, 4]]": [1, -217.5828338623047, []], "[\"10.0.0.12_10.0.0.42\", [1, 3, 4]]": [1, -184.18933465613145, []], "[\"10.0.0.13_10.0.0.43\", [1, 3, 4]]": [0, -140, []], "[\"NoTrans\", []]": [1, -201.6847629806689, []]}, "{\"10.0.0.11_10.0.0.41\": [1, 2, 4], \"10.0.0.12_10.0.0.42\": [1, 3, 4], \"10.0.0.13_10.0.0.43\": [1, 3, 4]}": {"[\"10.0.0.11_10.0.0.41\", [1, 3, 4]]": [1, -195.67790471816505, []], "[\"10.0.0.12_10.0.0.42\", [1, 2, 4]]": [1, -222.67618641554276, []], "[\"10.0.0.13_10.0.0.43\", [1, 2, 4]]": [1, -200.15437070681787, []], "[\"NoTrans\", []]": [767, -134.25753658257503, []]}, "{\"10.0.0.11_10.0.0.41\": [1, 2, 4], \"10.0.0.12_10.0.0.42\": [1, 3, 4], \"10.0.0.13_10.0.0.43\": [1, 2, 4]}": {"[\"10.0.0.11_10.0.0.41\", [1, 3, 4]]": [1, -184.36662195546714, []], "[\"10.0.0.12_10.0.0.42\", [1, 2, 4]]": [1, -219.58297500610354, []], "[\"10.0.0.13_10.0.0.43\", [1, 3, 4]]": [0, -140, []], "[\"NoTrans\", []]": [1, -201.6430378706589, []]}, "{\"10.0.0.11_10.0.0.41\": [1, 2, 4], \"10.0.0.12_10.0.0.42\": [1, 2, 4], \"10.0.0.13_10.0.0.43\": [1, 3, 4]}": {"[\"10.0.0.11_10.0.0.41\", [1, 3, 4]]": [1, -184.08462392846226, []], "[\"10.0.0.12_10.0.0.42\", [1, 3, 4]]": [2, -180.22349303554947, []], "[\"10.0.0.13_10.0.0.43\", [1, 2, 4]]": [1, -260.81715127360366, []], "[\"NoTrans\", []]": [1, -201.4661985071447, []]}, "{\"10.0.0.11_10.0.0.41\": [1, 2, 4], \"10.0.0.12_10.0.0.42\": [1, 2, 4], \"10.0.0.13_10.0.0.43\": [1, 2, 4]}": {"[\"10.0.0.11_10.0.0.41\", [1, 3, 4]]": [1, -200.91262044589251, []], "[\"10.0.0.12_10.0.0.42\", [1, 3, 4]]": [1, -202.03036386825778, []], "[\"10.0.0.13_10.0.0.43\", [1, 3, 4]]": [2, -213.99793620175424, []], "[\"NoTrans\", []]": [1, -212.35812911987307, []]}}