{"{\"10.0.0.11_10.0.0.41\": [1, 3, 4], \"10.0.0.12_10.0.0.42\": [1, 3, 4], \"10.0.0.13_10.0.0.43\": [1, 3, 4]}": {"[\"10.0.0.11_10.0.0.41\", [1, 2, 4]]": [1, -145.04190946979617, []], "[\"10.0.0.12_10.0.0.42\", [1, 2, 4]]": [1, -183.45500191468327, []], "[\"10.0.0.13_10.0.0.43\", [1, 2, 4]]": [1, -183.18413658123825, []], "[\"NoTrans\", []]": [1, -194.42466506958007, []]}, "{\"10.0.0.11_10.0.0.41\": [1, 3, 4], \"10.0.0.12_10.0.0.42\": [1, 3, 4], \"10.0.0.13_10.0.0.43\": [1, 2, 4]}": {"[\"10.0.0.11_10.0.0.41\", [1, 2, 4]]": [1, -198.57016801178906, []], "[\"10.0.0.12_10.0.0.42\", [1, 2, 4]]": [1, -202.67698017057353, []], "[\"10.0.0.13_10.0.0.43\", [1, 3, 4]]": [1, -195.81826934814453, []], "[\"NoTrans\", []]": [1, -180.67934070253796, []]}, "{\"10.0.0.11_10.0.0.41\": [1, 3, 4], \"10.0.0.12_10.0.0.42\": [1, 2, 4], \"10.0.0.13_10.0.0.43\": [1, 3, 4]}": {"[\"10.0.0.11_10.0.0.41\", [1, 2, 4]]": [1, -200.342351104273, []], "[\"10.0.0.12_10.0.0.42\", [1, 3, 4]]": [1, -196.52332077026367, []], "[\"10.0.0.13_10.0.0.43\", [1, 2, 4]]": [1, -200.19832406102893, []], "[\"NoTrans\", []]": [1, -180.1550755682199, []]}, "{\"10.0.0.11_10.0.0.41\": [1, 3, 4], \"10.0.0.12_10.0.0.42\": [1, 2, 4], \"10.0.0.13_10.0.0.43\": [1, 2, 4]}": {"[\"10.0.0.11_10.0.0.41\", [1, 2, 4]]": [1, -219.94384536743166, []], "[\"10.0.0.12_10.0.0.42\", [1, 3, 4]]": [1, -183.48937401036332, []], "[\"10.0.0.13_10.0.0.43\", [1, 3, 4]]": [1, -179.86583242190486, []], "[\"NoTrans\", []]": [1, -198.34778831343166, []]}, "{\"10.0.0.11_10.0.0.41\": [1, 2, 4], \"10.0.0.12_10.0.0.42\": [1, 3, 4], \"10.0.0.13_10.0.0.43\": [1, 3, 4]}": {"[\"10.0.0.11_10.0.0.41\", [1, 3, 4]]": [1, -197.49397048950195, []], "[\"10.0.0.12_10.0.0.42\", [1, 2, 4]]": [1, -199.04684701067498, []], "[\"10.0.0.13_10.0.0.43\", [1, 2, 4]]": [1, -199.37364753717873, []], "[\"NoTrans\", []]": [758, -131.81016020580697, []]}, "{\"10.0.0.11_10.0.0.41\": [1, 2, 4], \"10.0.0.12_10.0.0.42\": [1, 3, 4], \"10.0.0.13_10.0.0.43\": [1, 2, 4]}": {"[\"10.0.0.11_10.0.0.41\", [1, 3, 4]]": [1, -180.2426887804441, []], "[\"10.0.0.12_10.0.0.42\", [1, 2, 4]]": [1, -217.0982719421387, []], "[\"10.0.0.13_10.0.0.43\", [1, 3, 4]]": [1, -168.4200082519751, []], "[\"NoTrans\", []]": [1, -201.22450865188688, []]}, "{\"10.0.0.11_10.0.0.41\": [1, 2, 4], \"10.0.0.12_10.0.0.42\": [1, 2, 4], \"10.0.0.13_10.0.0.43\": [1, 3, 4]}": {"[\"10.0.0.11_10.0.0.41\", [1, 3, 4]]": [1, -183.0344334289652, []], "[\"10.0.0.12_10.0.0.42\", [1, 3, 4]]": [2, -177.37242673470797, []], "[\"10.0.0.13_10.0.0.43\", [1, 2, 4]]": [1, -219.01019821166994, []], "[\"NoTrans\", []]": [1, -203.5171833113296, []]}, "{\"10.0.0.11_10.0.0.41\": [1, 2, 4], \"10.0.0.12_10.0.0.42\": [1, 2, 4], \"10.0.0.13_10.0.0.43\": [1, 2, 4]}": {"[\"10.0.0.11_10.0.0.41\", [1, 3, 4]]": [1, -200.5041576730915, []], "[\"10.0.0.12_10.0.0.42\", [1, 3, 4]]": [1, -199.12792660419694, []], "[\"10.0.0.13_10.0.0.43\", [1, 3, 4]]": [1, -218.40006978151172, []], "[\"NoTrans\", []]": [0, -140, []]}}