{"{\"10.0.0.11_10.0.0.51\": [1, 4, 5], \"10.0.0.12_10.0.0.52\": [1, 4, 5], \"10.0.0.13_10.0.0.53\": [1, 4, 5]}": {"[\"10.0.0.12_10.0.0.52\", [1, 3, 5]]": [0, -Infinity, []], "[\"10.0.0.12_10.0.0.52\", [1, 2, 5]]": [0, -Infinity, []], "[\"10.0.0.13_10.0.0.53\", [1, 3, 5]]": [0, -Infinity, []], "[\"10.0.0.13_10.0.0.53\", [1, 2, 5]]": [0, -Infinity, []], "[\"10.0.0.11_10.0.0.51\", [1, 3, 5]]": [0, -Infinity, []], "[\"10.0.0.11_10.0.0.51\", [1, 2, 5]]": [0, -Infinity, []], "[\"NoTrans\", []]": [0, -Infinity, []]}, "{\"10.0.0.11_10.0.0.51\": [1, 3, 5], \"10.0.0.12_10.0.0.52\": [1, 4, 5], \"10.0.0.13_10.0.0.53\": [1, 4, 5]}": {"[\"10.0.0.12_10.0.0.52\", [1, 3, 5]]": [0, -Infinity, []], "[\"10.0.0.12_10.0.0.52\", [1, 2, 5]]": [0, -Infinity, []], "[\"10.0.0.13_10.0.0.53\", [1, 3, 5]]": [0, -Infinity, []], "[\"10.0.0.13_10.0.0.53\", [1, 2, 5]]": [0, -Infinity, []], "[\"10.0.0.11_10.0.0.51\", [1, 4, 5]]": [0, -Infinity, []], "[\"10.0.0.11_10.0.0.51\", [1, 2, 5]]": [0, -Infinity, []], "[\"NoTrans\", []]": [0, -Infinity, []]}, "{\"10.0.0.11_10.0.0.51\": [1, 2, 5], \"10.0.0.12_10.0.0.52\": [1, 4, 5], \"10.0.0.13_10.0.0.53\": [1, 4, 5]}": {"[\"10.0.0.12_10.0.0.52\", [1, 3, 5]]": [0, -Infinity, []], "[\"10.0.0.12_10.0.0.52\", [1, 2, 5]]": [0, -Infinity, []], "[\"10.0.0.13_10.0.0.53\", [1, 3, 5]]": [0, -Infinity, []], "[\"10.0.0.13_10.0.0.53\", [1, 2, 5]]": [0, -Infinity, []], "[\"10.0.0.11_10.0.0.51\", [1, 4, 5]]": [0, -Infinity, []], "[\"10.0.0.11_10.0.0.51\", [1, 3, 5]]": [0, -Infinity, []], "[\"NoTrans\", []]": [0, -Infinity, []]}, "{\"10.0.0.11_10.0.0.51\": [1, 4, 5], \"10.0.0.12_10.0.0.52\": [1, 4, 5], \"10.0.0.13_10.0.0.53\": [1, 3, 5]}": {"[\"10.0.0.12_10.0.0.52\", [1, 3, 5]]": [37, 0.3354431898937213, []], "[\"10.0.0.12_10.0.0.52\", [1, 2, 5]]": [1, -0.328823178939503, []], "[\"10.0.0.13_10.0.0.53\", [1, 4, 5]]": [0, -Infinity, []], "[\"10.0.0.13_10.0.0.53\", [1, 2, 5]]": [0, -Infinity, []], "[\"10.0.0.11_10.0.0.51\", [1, 3, 5]]": [0, -Infinity, []], "[\"10.0.0.11_10.0.0.51\", [1, 2, 5]]": [1, 0.2790963893815951, []], "[\"NoTrans\", []]": [0, -Infinity, []]}, "{\"10.0.0.11_10.0.0.51\": [1, 3, 5], \"10.0.0.12_10.0.0.52\": [1, 4, 5], \"10.0.0.13_10.0.0.53\": [1, 3, 5]}": {"[\"10.0.0.12_10.0.0.52\", [1, 3, 5]]": [0, -Infinity, []], "[\"10.0.0.12_10.0.0.52\", [1, 2, 5]]": [0, -Infinity, []], "[\"10.0.0.13_10.0.0.53\", [1, 4, 5]]": [0, -Infinity, []], "[\"10.0.0.13_10.0.0.53\", [1, 2, 5]]": [0, -Infinity, []], "[\"10.0.0.11_10.0.0.51\", [1, 4, 5]]": [0, -Infinity, []], "[\"10.0.0.11_10.0.0.51\", [1, 2, 5]]": [0, -Infinity, []], "[\"NoTrans\", []]": [0, -Infinity, []]}, "{\"10.0.0.11_10.0.0.51\": [1, 2, 5], \"10.0.0.12_10.0.0.52\": [1, 4, 5], \"10.0.0.13_10.0.0.53\": [1, 3, 5]}": {"[\"10.0.0.12_10.0.0.52\", [1, 3, 5]]": [20, 0.289272015489526, []], "[\"10.0.0.12_10.0.0.52\", [1, 2, 5]]": [0, -Infinity, []], "[\"10.0.0.13_10.0.0.53\", [1, 4, 5]]": [0, -Infinity, []], "[\"10.0.0.13_10.0.0.53\", [1, 2, 5]]": [1, -0.10645778904196748, []], "[\"10.0.0.11_10.0.0.51\", [1, 4, 5]]": [0, -Infinity, []], "[\"10.0.0.11_10.0.0.51\", [1, 3, 5]]": [0, -Infinity, []], "[\"NoTrans\", []]": [0, -Infinity, []]}, "{\"10.0.0.11_10.0.0.51\": [1, 4, 5], \"10.0.0.12_10.0.0.52\": [1, 4, 5], \"10.0.0.13_10.0.0.53\": [1, 2, 5]}": {"[\"10.0.0.12_10.0.0.52\", [1, 3, 5]]": [53, -0.0378017889848441, []], "[\"10.0.0.12_10.0.0.52\", [1, 2, 5]]": [0, -Infinity, []], "[\"10.0.0.13_10.0.0.53\", [1, 4, 5]]": [0, -Infinity, []], "[\"10.0.0.13_10.0.0.53\", [1, 3, 5]]": [0, -Infinity, []], "[\"10.0.0.11_10.0.0.51\", [1, 3, 5]]": [0, -Infinity, []], "[\"10.0.0.11_10.0.0.51\", [1, 2, 5]]": [0, -Infinity, []], "[\"NoTrans\", []]": [0, -Infinity, []]}, "{\"10.0.0.11_10.0.0.51\": [1, 3, 5], \"10.0.0.12_10.0.0.52\": [1, 4, 5], \"10.0.0.13_10.0.0.53\": [1, 2, 5]}": {"[\"10.0.0.12_10.0.0.52\", [1, 3, 5]]": [0, -Infinity, []], "[\"10.0.0.12_10.0.0.52\", [1, 2, 5]]": [0, -Infinity, []], "[\"10.0.0.13_10.0.0.53\", [1, 4, 5]]": [0, -Infinity, []], "[\"10.0.0.13_10.0.0.53\", [1, 3, 5]]": [0, -Infinity, []], "[\"10.0.0.11_10.0.0.51\", [1, 4, 5]]": [0, -Infinity, []], "[\"10.0.0.11_10.0.0.51\", [1, 2, 5]]": [0, -Infinity, []], "[\"NoTrans\", []]": [0, -Infinity, []]}, "{\"10.0.0.11_10.0.0.51\": [1, 2, 5], \"10.0.0.12_10.0.0.52\": [1, 4, 5], \"10.0.0.13_10.0.0.53\": [1, 2, 5]}": {"[\"10.0.0.12_10.0.0.52\", [1, 3, 5]]": [11, 1.3042101848913554, []], "[\"10.0.0.12_10.0.0.52\", [1, 2, 5]]": [0, -Infinity, []], "[\"10.0.0.13_10.0.0.53\", [1, 4, 5]]": [0, -Infinity, []], "[\"10.0.0.13_10.0.0.53\", [1, 3, 5]]": [0, -Infinity, []], "[\"10.0.0.11_10.0.0.51\", [1, 4, 5]]": [1, 0.27565379401824547, []], "[\"10.0.0.11_10.0.0.51\", [1, 3, 5]]": [0, -Infinity, []], "[\"NoTrans\", []]": [0, -Infinity, []]}, "{\"10.0.0.11_10.0.0.51\": [1, 4, 5], \"10.0.0.12_10.0.0.52\": [1, 3, 5], \"10.0.0.13_10.0.0.53\": [1, 4, 5]}": {"[\"10.0.0.12_10.0.0.52\", [1, 4, 5]]": [0, -Infinity, []], "[\"10.0.0.12_10.0.0.52\", [1, 2, 5]]": [0, -Infinity, []], "[\"10.0.0.13_10.0.0.53\", [1, 3, 5]]": [0, -Infinity, []], "[\"10.0.0.13_10.0.0.53\", [1, 2, 5]]": [0, -Infinity, []], "[\"10.0.0.11_10.0.0.51\", [1, 3, 5]]": [0, -Infinity, []], "[\"10.0.0.11_10.0.0.51\", [1, 2, 5]]": [0, -Infinity, []], "[\"NoTrans\", []]": [0, -Infinity, []]}, "{\"10.0.0.11_10.0.0.51\": [1, 3, 5], \"10.0.0.12_10.0.0.52\": [1, 3, 5], \"10.0.0.13_10.0.0.53\": [1, 4, 5]}": {"[\"10.0.0.12_10.0.0.52\", [1, 4, 5]]": [0, -Infinity, []], "[\"10.0.0.12_10.0.0.52\", [1, 2, 5]]": [0, -Infinity, []], "[\"10.0.0.13_10.0.0.53\", [1, 3, 5]]": [0, -Infinity, []], "[\"10.0.0.13_10.0.0.53\", [1, 2, 5]]": [0, -Infinity, []], "[\"10.0.0.11_10.0.0.51\", [1, 4, 5]]": [0, -Infinity, []], "[\"10.0.0.11_10.0.0.51\", [1, 2, 5]]": [0, -Infinity, []], "[\"NoTrans\", []]": [0, -Infinity, []]}, "{\"10.0.0.11_10.0.0.51\": [1, 2, 5], \"10.0.0.12_10.0.0.52\": [1, 3, 5], \"10.0.0.13_10.0.0.53\": [1, 4, 5]}": {"[\"10.0.0.12_10.0.0.52\", [1, 4, 5]]": [0, -Infinity, []], "[\"10.0.0.12_10.0.0.52\", [1, 2, 5]]": [0, -Infinity, []], "[\"10.0.0.13_10.0.0.53\", [1, 3, 5]]": [0, -Infinity, []], "[\"10.0.0.13_10.0.0.53\", [1, 2, 5]]": [0, -Infinity, []], "[\"10.0.0.11_10.0.0.51\", [1, 4, 5]]": [0, -Infinity, []], "[\"10.0.0.11_10.0.0.51\", [1, 3, 5]]": [0, -Infinity, []], "[\"NoTrans\", []]": [0, -Infinity, []]}, "{\"10.0.0.11_10.0.0.51\": [1, 4, 5], \"10.0.0.12_10.0.0.52\": [1, 3, 5], \"10.0.0.13_10.0.0.53\": [1, 3, 5]}": {"[\"10.0.0.12_10.0.0.52\", [1, 4, 5]]": [37, 0.5658123990253088, []], "[\"10.0.0.12_10.0.0.52\", [1, 2, 5]]": [0, -Infinity, []], "[\"10.0.0.13_10.0.0.53\", [1, 4, 5]]": [0, -Infinity, []], "[\"10.0.0.13_10.0.0.53\", [1, 2, 5]]": [0, -Infinity, []], "[\"10.0.0.11_10.0.0.51\", [1, 3, 5]]": [0, -Infinity, []], "[\"10.0.0.11_10.0.0.51\", [1, 2, 5]]": [0, -Infinity, []], "[\"NoTrans\", []]": [0, -Infinity, []]}, "{\"10.0.0.11_10.0.0.51\": [1, 3, 5], \"10.0.0.12_10.0.0.52\": [1, 3, 5], \"10.0.0.13_10.0.0.53\": [1, 3, 5]}": {"[\"10.0.0.12_10.0.0.52\", [1, 4, 5]]": [0, -Infinity, []], "[\"10.0.0.12_10.0.0.52\", [1, 2, 5]]": [0, -Infinity, []], "[\"10.0.0.13_10.0.0.53\", [1, 4, 5]]": [0, -Infinity, []], "[\"10.0.0.13_10.0.0.53\", [1, 2, 5]]": [0, -Infinity, []], "[\"10.0.0.11_10.0.0.51\", [1, 4, 5]]": [0, -Infinity, []], "[\"10.0.0.11_10.0.0.51\", [1, 2, 5]]": [0, -Infinity, []], "[\"NoTrans\", []]": [0, -Infinity, []]}, "{\"10.0.0.11_10.0.0.51\": [1, 2, 5], \"10.0.0.12_10.0.0.52\": [1, 3, 5], \"10.0.0.13_10.0.0.53\": [1, 3, 5]}": {"[\"10.0.0.12_10.0.0.52\", [1, 4, 5]]": [20, 0.6209548570074173, []], "[\"10.0.0.12_10.0.0.52\", [1, 2, 5]]": [0, -Infinity, []], "[\"10.0.0.13_10.0.0.53\", [1, 4, 5]]": [0, -Infinity, []], "[\"10.0.0.13_10.0.0.53\", [1, 2, 5]]": [0, -Infinity, []], "[\"10.0.0.11_10.0.0.51\", [1, 4, 5]]": [0, -Infinity, []], "[\"10.0.0.11_10.0.0.51\", [1, 3, 5]]": [0, -Infinity, []], "[\"NoTrans\", []]": [0, -Infinity, []]},