{"{\"10.0.0.11_10.0.0.41\": [1, 3, 4], \"10.0.0.12_10.0.0.42\": [1, 3, 4], \"10.0.0.13_10.0.0.43\": [1, 3, 4]}": {"[\"10.0.0.11_10.0.0.41\", [1, 2, 4]]": [1, -141.64404348316825, []], "[\"10.0.0.12_10.0.0.42\", [1, 2, 4]]": [1, -183.71915259918683, []], "[\"10.0.0.13_10.0.0.43\", [1, 2, 4]]": [1, -183.77577288552402, []], "[\"NoTrans\", []]": [1, -198.12036708740234, []]}, "{\"10.0.0.11_10.0.0.41\": [1, 3, 4], \"10.0.0.12_10.0.0.42\": [1, 3, 4], \"10.0.0.13_10.0.0.43\": [1, 2, 4]}": {"[\"10.0.0.11_10.0.0.41\", [1, 2, 4]]": [1, -199.9040865564397, []], "[\"10.0.0.12_10.0.0.42\", [1, 2, 4]]": [1, -201.5044429278516, []], "[\"10.0.0.13_10.0.0.43\", [1, 3, 4]]": [1, -198.3437176123047, []], "[\"NoTrans\", []]": [1, -185.08392080342384, []]}, "{\"10.0.0.11_10.0.0.41\": [1, 3, 4], \"10.0.0.12_10.0.0.42\": [1, 2, 4], \"10.0.0.13_10.0.0.43\": [1, 3, 4]}": {"[\"10.0.0.11_10.0.0.41\", [1, 2, 4]]": [1, -220.23590084665028, []], "[\"10.0.0.12_10.0.0.42\", [1, 3, 4]]": [1, -197.61167804036458, []], "[\"10.0.0.13_10.0.0.43\", [1, 2, 4]]": [1, -199.52078041896453, []], "[\"NoTrans\", []]": [0, -140, []]}, "{\"10.0.0.11_10.0.0.41\": [1, 3, 4], \"10.0.0.12_10.0.0.42\": [1, 2, 4], \"10.0.0.13_10.0.0.43\": [1, 2, 4]}": {"[\"10.0.0.11_10.0.0.41\", [1, 2, 4]]": [1, -219.48346046097367, []], "[\"10.0.0.12_10.0.0.42\", [1, 3, 4]]": [1, -183.74601011407103, []], "[\"10.0.0.13_10.0.0.43\", [1, 3, 4]]": [1, -184.54466928072492, []], "[\"NoTrans\", []]": [1, -201.4382469303818, []]}, "{\"10.0.0.11_10.0.0.41\": [1, 2, 4], \"10.0.0.12_10.0.0.42\": [1, 3, 4], \"10.0.0.13_10.0.0.43\": [1, 3, 4]}": {"[\"10.0.0.11_10.0.0.41\", [1, 3, 4]]": [1, -197.97407428059896, []], "[\"10.0.0.12_10.0.0.42\", [1, 2, 4]]": [1, -201.51081465913154, []], "[\"10.0.0.13_10.0.0.43\", [1, 2, 4]]": [1, -200.13854790633332, []], "[\"NoTrans\", []]": [754, -131.08756957888087, []]}, "{\"10.0.0.11_10.0.0.41\": [1, 2, 4], \"10.0.0.12_10.0.0.42\": [1, 3, 4], \"10.0.0.13_10.0.0.43\": [1, 2, 4]}": {"[\"10.0.0.11_10.0.0.41\", [1, 3, 4]]": [1, -183.12014814240837, []], "[\"10.0.0.12_10.0.0.42\", [1, 2, 4]]": [1, -256.14126741450747, []], "[\"10.0.0.13_10.0.0.43\", [1, 3, 4]]": [1, -171.25045121530312, []], "[\"NoTrans\", []]": [1, -203.4485403936038, []]}, "{\"10.0.0.11_10.0.0.41\": [1, 2, 4], \"10.0.0.12_10.0.0.42\": [1, 2, 4], \"10.0.0.13_10.0.0.43\": [1, 3, 4]}": {"[\"10.0.0.11_10.0.0.41\", [1, 3, 4]]": [1, -184.13448357211328, []], "[\"10.0.0.12_10.0.0.42\", [1, 3, 4]]": [2, -174.9475027541766, []], "[\"10.0.0.13_10.0.0.43\", [1, 2, 4]]": [1, -217.9080858577022, []], "[\"NoTrans\", []]": [1, -200.02590413424008, []]}, "{\"10.0.0.11_10.0.0.41\": [1, 2, 4], \"10.0.0.12_10.0.0.42\": [1, 2, 4], \"10.0.0.13_10.0.0.43\": [1, 2, 4]}": {"[\"10.0.0.11_10.0.0.41\", [1, 3, 4]]": [1, -200.4867356564597, []], "[\"10.0.0.12_10.0.0.42\", [1, 3, 4]]": [1, -201.6854580199944, []], "[\"10.0.0.13_10.0.0.43\", [1, 3, 4]]": [2, -211.37875588572277, []], "[\"NoTrans\", []]": [1, -218.65745572224935, []]}}