{"{\"10.0.0.11_10.0.0.51\": [1, 4, 5], \"10.0.0.12_10.0.0.52\": [1, 4, 5], \"10.0.0.13_10.0.0.53\": [1, 4, 5]}": {"[\"10.0.0.12_10.0.0.52\", [1, 3, 5]]": [9, 0.8119032326633396, []], "[\"10.0.0.12_10.0.0.52\", [1, 2, 5]]": [2, -0.18083505881795248, []], "[\"10.0.0.13_10.0.0.53\", [1, 3, 5]]": [0, -Infinity, []], "[\"10.0.0.13_10.0.0.53\", [1, 2, 5]]": [0, -Infinity, []], "[\"10.0.0.11_10.0.0.51\", [1, 3, 5]]": [0, -Infinity, []], "[\"10.0.0.11_10.0.0.51\", [1, 2, 5]]": [0, -Infinity, []], "[\"NoTrans\", []]": [0, -Infinity, []]}, "{\"10.0.0.11_10.0.0.51\": [1, 3, 5], \"10.0.0.12_10.0.0.52\": [1, 4, 5], \"10.0.0.13_10.0.0.53\": [1, 4, 5]}": {"[\"10.0.0.12_10.0.0.52\", [1, 3, 5]]": [2, 0.7902202528707998, []], "[\"10.0.0.12_10.0.0.52\", [1, 2, 5]]": [0, -Infinity, []], "[\"10.0.0.13_10.0.0.53\", [1, 3, 5]]": [0, -Infinity, []], "[\"10.0.0.13_10.0.0.53\", [1, 2, 5]]": [0, -Infinity, []], "[\"10.0.0.11_10.0.0.51\", [1, 4, 5]]": [0, -Infinity, []], "[\"10.0.0.11_10.0.0.51\", [1, 2, 5]]": [0, -Infinity, []], "[\"NoTrans\", []]": [0, -Infinity, []]}, "{\"10.0.0.11_10.0.0.51\": [1, 2, 5], \"10.0.0.12_10.0.0.52\": [1, 4, 5], \"10.0.0.13_10.0.0.53\": [1, 4, 5]}": {"[\"10.0.0.12_10.0.0.52\", [1, 3, 5]]": [0, -Infinity, []], "[\"10.0.0.12_10.0.0.52\", [1, 2, 5]]": [0, -Infinity, []], "[\"10.0.0.13_10.0.0.53\", [1, 3, 5]]": [0, -Infinity, []], "[\"10.0.0.13_10.0.0.53\", [1, 2, 5]]": [0, -Infinity, []], "[\"10.0.0.11_10.0.0.51\", [1, 4, 5]]": [0, -Infinity, []], "[\"10.0.0.11_10.0.0.51\", [1, 3, 5]]": [0, -Infinity, []], "[\"NoTrans\", []]": [0, -Infinity, []]}, "{\"10.0.0.11_10.0.0.51\": [1, 4, 5], \"10.0.0.12_10.0.0.52\": [1, 4, 5], \"10.0.0.13_10.0.0.53\": [1, 3, 5]}": {"[\"10.0.0.12_10.0.0.52\", [1, 3, 5]]": [0, -Infinity, []], "[\"10.0.0.12_10.0.0.52\", [1, 2, 5]]": [0, -Infinity, []], "[\"10.0.0.13_10.0.0.53\", [1, 4, 5]]": [0, -Infinity, []], "[\"10.0.0.13_10.0.0.53\", [1, 2, 5]]": [0, -Infinity, []], "[\"10.0.0.11_10.0.0.51\", [1, 3, 5]]": [0, -Infinity, []], "[\"10.0.0.11_10.0.0.51\", [1, 2, 5]]": [0, -Infinity, []], "[\"NoTrans\", []]": [0, -Infinity, []]}, "{\"10.0.0.11_10.0.0.51\": [1, 3, 5], \"10.0.0.12_10.0.0.52\": [1, 4, 5], \"10.0.0.13_10.0.0.53\": [1, 3, 5]}": {"[\"10.0.0.12_10.0.0.52\", [1, 3, 5]]": [4, 0.5578953736805805, []], "[\"10.0.0.12_10.0.0.52\", [1, 2, 5]]": [0, -Infinity, []], "[\"10.0.0.13_10.0.0.53\", [1, 4, 5]]": [0, -Infinity, []], "[\"10.0.0.13_10.0.0.53\", [1, 2, 5]]": [2, 1.7904750372403337, []], "[\"10.0.0.11_10.0.0.51\", [1, 4, 5]]": [0, -Infinity, []], "[\"10.0.0.11_10.0.0.51\", [1, 2, 5]]": [0, -Infinity, []], "[\"NoTrans\", []]": [0, -Infinity, []]}, "{\"10.0.0.11_10.0.0.51\": [1, 2, 5], \"10.0.0.12_10.0.0.52\": [1, 4, 5], \"10.0.0.13_10.0.0.53\": [1, 3, 5]}": {"[\"10.0.0.12_10.0.0.52\", [1, 3, 5]]": [0, -Infinity, []], "[\"10.0.0.12_10.0.0.52\", [1, 2, 5]]": [0, -Infinity, []], "[\"10.0.0.13_10.0.0.53\", [1, 4, 5]]": [0, -Infinity, []], "[\"10.0.0.13_10.0.0.53\", [1, 2, 5]]": [0, -Infinity, []], "[\"10.0.0.11_10.0.0.51\", [1, 4, 5]]": [0, -Infinity, []], "[\"10.0.0.11_10.0.0.51\", [1, 3, 5]]": [0, -Infinity, []], "[\"NoTrans\", []]": [0, -Infinity, []]}, "{\"10.0.0.11_10.0.0.51\": [1, 4, 5], \"10.0.0.12_10.0.0.52\": [1, 4, 5], \"10.0.0.13_10.0.0.53\": [1, 2, 5]}": {"[\"10.0.0.12_10.0.0.52\", [1, 3, 5]]": [3, 0.758148708432363, []], "[\"10.0.0.12_10.0.0.52\", [1, 2, 5]]": [0, -Infinity, []], "[\"10.0.0.13_10.0.0.53\", [1, 4, 5]]": [1, 0.26934068264435945, []], "[\"10.0.0.13_10.0.0.53\", [1, 3, 5]]": [0, -Infinity, []], "[\"10.0.0.11_10.0.0.51\", [1, 3, 5]]": [0, -Infinity, []], "[\"10.0.0.11_10.0.0.51\", [1, 2, 5]]": [0, -Infinity, []], "[\"NoTrans\", []]": [0, -Infinity, []]}, "{\"10.0.0.11_10.0.0.51\": [1, 3, 5], \"10.0.0.12_10.0.0.52\": [1, 4, 5], \"10.0.0.13_10.0.0.53\": [1, 2, 5]}": {"[\"10.0.0.12_10.0.0.52\", [1, 3, 5]]": [53, 0.7576061422206892, []], "[\"10.0.0.12_10.0.0.52\", [1, 2, 5]]": [5, 1.810416875886278, []], "[\"10.0.0.13_10.0.0.53\", [1, 4, 5]]": [0, -Infinity, []], "[\"10.0.0.13_10.0.0.53\", [1, 3, 5]]": [1, 0.9014917232837167, []], "[\"10.0.0.11_10.0.0.51\", [1, 4, 5]]": [0, -Infinity, []], "[\"10.0.0.11_10.0.0.51\", [1, 2, 5]]": [0, -Infinity, []], "[\"NoTrans\", []]": [0, -Infinity, []]}, "{\"10.0.0.11_10.0.0.51\": [1, 2, 5], \"10.0.0.12_10.0.0.52\": [1, 4, 5], \"10.0.0.13_10.0.0.53\": [1, 2, 5]}": {"[\"10.0.0.12_10.0.0.52\", [1, 3, 5]]": [0, -Infinity, []], "[\"10.0.0.12_10.0.0.52\", [1, 2, 5]]": [0, -Infinity, []], "[\"10.0.0.13_10.0.0.53\", [1, 4, 5]]": [0, -Infinity, []], "[\"10.0.0.13_10.0.0.53\", [1, 3, 5]]": [0, -Infinity, []], "[\"10.0.0.11_10.0.0.51\", [1, 4, 5]]": [0, -Infinity, []], "[\"10.0.0.11_10.0.0.51\", [1, 3, 5]]": [0, -Infinity, []], "[\"NoTrans\", []]": [0, -Infinity, []]}, "{\"10.0.0.11_10.0.0.51\": [1, 4, 5], \"10.0.0.12_10.0.0.52\": [1, 3, 5], \"10.0.0.13_10.0.0.53\": [1, 4, 5]}": {"[\"10.0.0.12_10.0.0.52\", [1, 4, 5]]": [8, 0.20313503458653975, []], "[\"10.0.0.12_10.0.0.52\", [1, 2, 5]]": [0, -Infinity, []], "[\"10.0.0.13_10.0.0.53\", [1, 3, 5]]": [0, -Infinity, []], "[\"10.0.0.13_10.0.0.53\", [1, 2, 5]]": [0, -Infinity, []], "[\"10.0.0.11_10.0.0.51\", [1, 3, 5]]": [0, -Infinity, []], "[\"10.0.0.11_10.0.0.51\", [1, 2, 5]]": [0, -Infinity, []], "[\"NoTrans\", []]": [0, -Infinity, []]}, "{\"10.0.0.11_10.0.0.51\": [1, 3, 5], \"10.0.0.12_10.0.0.52\": [1, 3, 5], \"10.0.0.13_10.0.0.53\": [1, 4, 5]}": {"[\"10.0.0.12_10.0.0.52\", [1, 4, 5]]": [0, -Infinity, []], "[\"10.0.0.12_10.0.0.52\", [1, 2, 5]]": [0, -Infinity, []], "[\"10.0.0.13_10.0.0.53\", [1, 3, 5]]": [0, -Infinity, []], "[\"10.0.0.13_10.0.0.53\", [1, 2, 5]]": [2, 0.7170468229089867, []], "[\"10.0.0.11_10.0.0.51\", [1, 4, 5]]": [0, -Infinity, []], "[\"10.0.0.11_10.0.0.51\", [1, 2, 5]]": [0, -Infinity, []], "[\"NoTrans\", []]": [0, -Infinity, []]}, "{\"10.0.0.11_10.0.0.51\": [1, 2, 5], \"10.0.0.12_10.0.0.52\": [1, 3, 5], \"10.0.0.13_10.0.0.53\": [1, 4, 5]}": {"[\"10.0.0.12_10.0.0.52\", [1, 4, 5]]": [0, -Infinity, []], "[\"10.0.0.12_10.0.0.52\", [1, 2, 5]]": [0, -Infinity, []], "[\"10.0.0.13_10.0.0.53\", [1, 3, 5]]": [0, -Infinity, []], "[\"10.0.0.13_10.0.0.53\", [1, 2, 5]]": [0, -Infinity, []], "[\"10.0.0.11_10.0.0.51\", [1, 4, 5]]": [0, -Infinity, []], "[\"10.0.0.11_10.0.0.51\", [1, 3, 5]]": [0, -Infinity, []], "[\"NoTrans\", []]": [0, -Infinity, []]}, "{\"10.0.0.11_10.0.0.51\": [1, 4, 5], \"10.0.0.12_10.0.0.52\": [1, 3, 5], \"10.0.0.13_10.0.0.53\": [1, 3, 5]}": {"[\"10.0.0.12_10.0.0.52\", [1, 4, 5]]": [0, -Infinity, []], "[\"10.0.0.12_10.0.0.52\", [1, 2, 5]]": [0, -Infinity, []], "[\"10.0.0.13_10.0.0.53\", [1, 4, 5]]": [0, -Infinity, []], "[\"10.0.0.13_10.0.0.53\", [1, 2, 5]]": [0, -Infinity, []], "[\"10.0.0.11_10.0.0.51\", [1, 3, 5]]": [0, -Infinity, []], "[\"10.0.0.11_10.0.0.51\", [1, 2, 5]]": [0, -Infinity, []], "[\"NoTrans\", []]": [0, -Infinity, []]}, "{\"10.0.0.11_10.0.0.51\": [1, 3, 5], \"10.0.0.12_10.0.0.52\": [1, 3, 5], \"10.0.0.13_10.0.0.53\": [1, 3, 5]}": {"[\"10.0.0.12_10.0.0.52\", [1, 4, 5]]": [5, 1.4650587273829843, []], "[\"10.0.0.12_10.0.0.52\", [1, 2, 5]]": [0, -Infinity, []], "[\"10.0.0.13_10.0.0.53\", [1, 4, 5]]": [0, -Infinity, []], "[\"10.0.0.13_10.0.0.53\", [1, 2, 5]]": [0, -Infinity, []], "[\"10.0.0.11_10.0.0.51\", [1, 4, 5]]": [0, -Infinity, []], "[\"10.0.0.11_10.0.0.51\", [1, 2, 5]]": [0, -Infinity, []], "[\"NoTrans\", []]": [0, -Infinity, []]}, "{\"10.0.0.11_10.0.0.51\": [1, 2, 5], \"10.0.0.12_10.0.0.52\": [1, 3, 5], \"10.0.0.13_10.0.0.53\": [1, 3, 5]}": {"[\"10.0.0.12_10.0.0.52\", [1, 4, 5]]": [0, -Infinity, []], "[\"10.0.0.12_10.0.0.52\", [1, 2, 5]]": [0, -Infinity, []], "[\"10.0.0.13_10.0.0.53\", [1, 4, 5]]": [0, -Infinity, []], "[\"10.0.0.13_10.0.0.53\", [1, 2, 5]]": [0, -Infinity, []], "[\"10.0.0.11_10.0.0.51\", [1, 4, 5]]": [0, -Infinity, []], "[\"10.0.0.11_10.0.0.51\", [1, 3, 5]]": [0, -Infinity, []], "[\"NoTrans\", []]": [0, -Infinity, []]},