{"{\"10.0.0.11_10.0.0.41\": [1, 3, 4], \"10.0.0.12_10.0.0.42\": [1, 3, 4], \"10.0.0.13_10.0.0.43\": [1, 3, 4]}": {"[\"10.0.0.11_10.0.0.41\", [1, 2, 4]]": [1, -146.00225269046086, []], "[\"10.0.0.12_10.0.0.42\", [1, 2, 4]]": [1, -185.91357226901314, []], "[\"10.0.0.13_10.0.0.43\", [1, 2, 4]]": [1, -184.90501402373766, []], "[\"NoTrans\", []]": [0, -140, []]}, "{\"10.0.0.11_10.0.0.41\": [1, 3, 4], \"10.0.0.12_10.0.0.42\": [1, 3, 4], \"10.0.0.13_10.0.0.43\": [1, 2, 4]}": {"[\"10.0.0.11_10.0.0.41\", [1, 2, 4]]": [1, -200.22587210657872, []], "[\"10.0.0.12_10.0.0.42\", [1, 2, 4]]": [1, -201.2024845073191, []], "[\"10.0.0.13_10.0.0.43\", [1, 3, 4]]": [1, -198.473966217041, []], "[\"NoTrans\", []]": [1, -185.25042233137373, []]}, "{\"10.0.0.11_10.0.0.41\": [1, 3, 4], \"10.0.0.12_10.0.0.42\": [1, 2, 4], \"10.0.0.13_10.0.0.43\": [1, 3, 4]}": {"[\"10.0.0.11_10.0.0.41\", [1, 2, 4]]": [1, -201.49822124603907, []], "[\"10.0.0.12_10.0.0.42\", [1, 3, 4]]": [1, -199.28439865112304, []], "[\"10.0.0.13_10.0.0.43\", [1, 2, 4]]": [1, -202.1987846395924, []], "[\"NoTrans\", []]": [1, -185.39803506374236, []]}, "{\"10.0.0.11_10.0.0.41\": [1, 3, 4], \"10.0.0.12_10.0.0.42\": [1, 2, 4], \"10.0.0.13_10.0.0.43\": [1, 2, 4]}": {"[\"10.0.0.11_10.0.0.41\", [1, 2, 4]]": [1, -260.05211269865197, []], "[\"10.0.0.12_10.0.0.42\", [1, 3, 4]]": [1, -185.86206526691484, []], "[\"10.0.0.13_10.0.0.43\", [1, 3, 4]]": [1, -188.5068356056836, []], "[\"NoTrans\", []]": [1, -204.49679914708645, []]}, "{\"10.0.0.11_10.0.0.41\": [1, 2, 4], \"10.0.0.12_10.0.0.42\": [1, 3, 4], \"10.0.0.13_10.0.0.43\": [1, 3, 4]}": {"[\"10.0.0.11_10.0.0.41\", [1, 3, 4]]": [1, -199.6439338684082, []], "[\"10.0.0.12_10.0.0.42\", [1, 2, 4]]": [1, -222.12284648665263, []], "[\"10.0.0.13_10.0.0.43\", [1, 2, 4]]": [1, -200.467224998091, []], "[\"NoTrans\", []]": [758, -133.45620645978192, []]}, "{\"10.0.0.11_10.0.0.41\": [1, 2, 4], \"10.0.0.12_10.0.0.42\": [1, 3, 4], \"10.0.0.13_10.0.0.43\": [1, 2, 4]}": {"[\"10.0.0.11_10.0.0.41\", [1, 3, 4]]": [1, -184.932039981744, []], "[\"10.0.0.12_10.0.0.42\", [1, 2, 4]]": [1, -219.1997886657715, []], "[\"10.0.0.13_10.0.0.43\", [1, 3, 4]]": [1, -170.7008498914174, []], "[\"NoTrans\", []]": [1, -199.6370067162241, []]}, "{\"10.0.0.11_10.0.0.41\": [1, 2, 4], \"10.0.0.12_10.0.0.42\": [1, 2, 4], \"10.0.0.13_10.0.0.43\": [1, 3, 4]}": {"[\"10.0.0.11_10.0.0.41\", [1, 3, 4]]": [1, -183.28765739431262, []], "[\"10.0.0.12_10.0.0.42\", [1, 3, 4]]": [2, -188.64763108607949, []], "[\"10.0.0.13_10.0.0.43\", [1, 2, 4]]": [1, -220.28917083740237, []], "[\"NoTrans\", []]": [1, -201.32032474330452, []]}, "{\"10.0.0.11_10.0.0.41\": [1, 2, 4], \"10.0.0.12_10.0.0.42\": [1, 2, 4], \"10.0.0.13_10.0.0.43\": [1, 2, 4]}": {"[\"10.0.0.11_10.0.0.41\", [1, 3, 4]]": [1, -203.3369748056819, []], "[\"10.0.0.12_10.0.0.42\", [1, 3, 4]]": [1, -202.46995886750582, []], "[\"10.0.0.13_10.0.0.43\", [1, 3, 4]]": [2, -212.61450639897308, []], "[\"NoTrans\", []]": [1, -219.59537277221682, []]}}