{"{\"10.0.0.11_10.0.0.41\": [1, 3, 4], \"10.0.0.12_10.0.0.42\": [1, 3, 4], \"10.0.0.13_10.0.0.43\": [1, 3, 4]}": {"[\"10.0.0.11_10.0.0.41\", [1, 2, 4]]": [1, -142.9465770672503, []], "[\"10.0.0.12_10.0.0.42\", [1, 2, 4]]": [1, -182.65640568361897, []], "[\"10.0.0.13_10.0.0.43\", [1, 2, 4]]": [0, -140, []], "[\"NoTrans\", []]": [0, -140, []]}, "{\"10.0.0.11_10.0.0.41\": [1, 3, 4], \"10.0.0.12_10.0.0.42\": [1, 3, 4], \"10.0.0.13_10.0.0.43\": [1, 2, 4]}": {"[\"10.0.0.11_10.0.0.41\", [1, 2, 4]]": [1, -200.08092877859892, []], "[\"10.0.0.12_10.0.0.42\", [1, 2, 4]]": [1, -200.42468742038741, []], "[\"10.0.0.13_10.0.0.43\", [1, 3, 4]]": [0, -140, []], "[\"NoTrans\", []]": [0, -140, []]}, "{\"10.0.0.11_10.0.0.41\": [1, 3, 4], \"10.0.0.12_10.0.0.42\": [1, 2, 4], \"10.0.0.13_10.0.0.43\": [1, 3, 4]}": {"[\"10.0.0.11_10.0.0.41\", [1, 2, 4]]": [1, -201.72113362444173, []], "[\"10.0.0.12_10.0.0.42\", [1, 3, 4]]": [1, -198.5885249759928, []], "[\"10.0.0.13_10.0.0.43\", [1, 2, 4]]": [1, -199.93044418490905, []], "[\"NoTrans\", []]": [1, -182.9195328372256, []]}, "{\"10.0.0.11_10.0.0.41\": [1, 3, 4], \"10.0.0.12_10.0.0.42\": [1, 2, 4], \"10.0.0.13_10.0.0.43\": [1, 2, 4]}": {"[\"10.0.0.11_10.0.0.41\", [1, 2, 4]]": [1, -215.7079326298014, []], "[\"10.0.0.12_10.0.0.42\", [1, 3, 4]]": [1, -182.1161606729676, []], "[\"10.0.0.13_10.0.0.43\", [1, 3, 4]]": [1, -182.8826328510319, []], "[\"NoTrans\", []]": [1, -200.3704096386723, []]}, "{\"10.0.0.11_10.0.0.41\": [1, 2, 4], \"10.0.0.12_10.0.0.42\": [1, 3, 4], \"10.0.0.13_10.0.0.43\": [1, 3, 4]}": {"[\"10.0.0.11_10.0.0.41\", [1, 3, 4]]": [1, -198.9991779699707, []], "[\"10.0.0.12_10.0.0.42\", [1, 2, 4]]": [1, -198.0631814714335, []], "[\"10.0.0.13_10.0.0.43\", [1, 2, 4]]": [1, -196.578203438324, []], "[\"NoTrans\", []]": [759, -121.90174220672222, []]}, "{\"10.0.0.11_10.0.0.41\": [1, 2, 4], \"10.0.0.12_10.0.0.42\": [1, 3, 4], \"10.0.0.13_10.0.0.43\": [1, 2, 4]}": {"[\"10.0.0.11_10.0.0.41\", [1, 3, 4]]": [1, -181.59164940837525, []], "[\"10.0.0.12_10.0.0.42\", [1, 2, 4]]": [1, -255.42661048694004, []], "[\"10.0.0.13_10.0.0.43\", [1, 3, 4]]": [2, -176.1148394770126, []], "[\"NoTrans\", []]": [1, -202.07402132424656, []]}, "{\"10.0.0.11_10.0.0.41\": [1, 2, 4], \"10.0.0.12_10.0.0.42\": [1, 2, 4], \"10.0.0.13_10.0.0.43\": [1, 3, 4]}": {"[\"10.0.0.11_10.0.0.41\", [1, 3, 4]]": [1, -183.01888270519734, []], "[\"10.0.0.12_10.0.0.42\", [1, 3, 4]]": [1, -171.38572574033046, []], "[\"10.0.0.13_10.0.0.43\", [1, 2, 4]]": [1, -210.1162805903682, []], "[\"NoTrans\", []]": [1, -200.3991314547181, []]}, "{\"10.0.0.11_10.0.0.41\": [1, 2, 4], \"10.0.0.12_10.0.0.42\": [1, 2, 4], \"10.0.0.13_10.0.0.43\": [1, 2, 4]}": {"[\"10.0.0.11_10.0.0.41\", [1, 3, 4]]": [1, -201.0976775509625, []], "[\"10.0.0.12_10.0.0.42\", [1, 3, 4]]": [2, -212.56048905902992, []], "[\"10.0.0.13_10.0.0.43\", [1, 3, 4]]": [1, -203.4331638127348, []], "[\"NoTrans\", []]": [1, -215.22880748657226, []]}}