{"{\"10.0.0.11_10.0.0.41\": [1, 3, 4], \"10.0.0.12_10.0.0.42\": [1, 3, 4], \"10.0.0.13_10.0.0.43\": [1, 3, 4]}": {"[\"10.0.0.11_10.0.0.41\", [1, 2, 4]]": [2, -139.4532267083273, []], "[\"10.0.0.12_10.0.0.42\", [1, 2, 4]]": [1, -185.03942608409574, []], "[\"10.0.0.13_10.0.0.43\", [1, 2, 4]]": [0, -140, []], "[\"NoTrans\", []]": [0, -140, []]}, "{\"10.0.0.11_10.0.0.41\": [1, 3, 4], \"10.0.0.12_10.0.0.42\": [1, 3, 4], \"10.0.0.13_10.0.0.43\": [1, 2, 4]}": {"[\"10.0.0.11_10.0.0.41\", [1, 2, 4]]": [1, -201.28221815058205, []], "[\"10.0.0.12_10.0.0.42\", [1, 2, 4]]": [1, -199.87488663569343, []], "[\"10.0.0.13_10.0.0.43\", [1, 3, 4]]": [1, -199.70306167602538, []], "[\"NoTrans\", []]": [0, -140, []]}, "{\"10.0.0.11_10.0.0.41\": [1, 3, 4], \"10.0.0.12_10.0.0.42\": [1, 2, 4], \"10.0.0.13_10.0.0.43\": [1, 3, 4]}": {"[\"10.0.0.11_10.0.0.41\", [1, 2, 4]]": [1, -199.6665868871646, []], "[\"10.0.0.12_10.0.0.42\", [1, 3, 4]]": [1, -200.7329345703125, []], "[\"10.0.0.13_10.0.0.43\", [1, 2, 4]]": [2, -229.0730376776571, []], "[\"NoTrans\", []]": [1, -184.29399282017312, []]}, "{\"10.0.0.11_10.0.0.41\": [1, 3, 4], \"10.0.0.12_10.0.0.42\": [1, 2, 4], \"10.0.0.13_10.0.0.43\": [1, 2, 4]}": {"[\"10.0.0.11_10.0.0.41\", [1, 2, 4]]": [1, -218.10077438354494, []], "[\"10.0.0.12_10.0.0.42\", [1, 3, 4]]": [2, -192.56316433421802, []], "[\"10.0.0.13_10.0.0.43\", [1, 3, 4]]": [1, -184.4264802666879, []], "[\"NoTrans\", []]": [1, -199.4616690243478, []]}, "{\"10.0.0.11_10.0.0.41\": [1, 2, 4], \"10.0.0.12_10.0.0.42\": [1, 3, 4], \"10.0.0.13_10.0.0.43\": [1, 3, 4]}": {"[\"10.0.0.11_10.0.0.41\", [1, 3, 4]]": [1, -198.3638168334961, []], "[\"10.0.0.12_10.0.0.42\", [1, 2, 4]]": [1, -199.75442007903047, []], "[\"10.0.0.13_10.0.0.43\", [1, 2, 4]]": [1, -201.61034203987953, []], "[\"NoTrans\", []]": [756, -136.14746852078787, []]}, "{\"10.0.0.11_10.0.0.41\": [1, 2, 4], \"10.0.0.12_10.0.0.42\": [1, 3, 4], \"10.0.0.13_10.0.0.43\": [1, 2, 4]}": {"[\"10.0.0.11_10.0.0.41\", [1, 3, 4]]": [1, -184.9640722367339, []], "[\"10.0.0.12_10.0.0.42\", [1, 2, 4]]": [1, -219.25309906005862, []], "[\"10.0.0.13_10.0.0.43\", [1, 3, 4]]": [1, -173.42537207320362, []], "[\"NoTrans\", []]": [1, -200.6857472561489, []]}, "{\"10.0.0.11_10.0.0.41\": [1, 2, 4], \"10.0.0.12_10.0.0.42\": [1, 2, 4], \"10.0.0.13_10.0.0.43\": [1, 3, 4]}": {"[\"10.0.0.11_10.0.0.41\", [1, 3, 4]]": [1, -183.2743213093222, []], "[\"10.0.0.12_10.0.0.42\", [1, 3, 4]]": [1, -170.85382317731907, []], "[\"10.0.0.13_10.0.0.43\", [1, 2, 4]]": [1, -217.74533996582034, []], "[\"NoTrans\", []]": [1, -199.97997338155506, []]}, "{\"10.0.0.11_10.0.0.41\": [1, 2, 4], \"10.0.0.12_10.0.0.42\": [1, 2, 4], \"10.0.0.13_10.0.0.43\": [1, 2, 4]}": {"[\"10.0.0.11_10.0.0.41\", [1, 3, 4]]": [1, -201.44740866909308, []], "[\"10.0.0.12_10.0.0.42\", [1, 3, 4]]": [1, -200.2533417689558, []], "[\"10.0.0.13_10.0.0.43\", [1, 3, 4]]": [1, -201.52086862409854, []], "[\"NoTrans\", []]": [1, -219.1429496765137, []]}}