{"{\"10.0.0.11_10.0.0.41\": [1, 3, 4], \"10.0.0.12_10.0.0.42\": [1, 3, 4], \"10.0.0.13_10.0.0.43\": [1, 3, 4]}": {"[\"10.0.0.11_10.0.0.41\", [1, 2, 4]]": [1, -139.943359306946, []], "[\"10.0.0.12_10.0.0.42\", [1, 2, 4]]": [1, -184.1478213426024, []], "[\"10.0.0.13_10.0.0.43\", [1, 2, 4]]": [1, -185.0927875244595, []], "[\"NoTrans\", []]": [1, -198.96910350258804, []]}, "{\"10.0.0.11_10.0.0.41\": [1, 3, 4], \"10.0.0.12_10.0.0.42\": [1, 3, 4], \"10.0.0.13_10.0.0.43\": [1, 2, 4]}": {"[\"10.0.0.11_10.0.0.41\", [1, 2, 4]]": [1, -205.75037409579159, []], "[\"10.0.0.12_10.0.0.42\", [1, 2, 4]]": [1, -199.18405339786585, []], "[\"10.0.0.13_10.0.0.43\", [1, 3, 4]]": [1, -198.3997599356935, []], "[\"NoTrans\", []]": [1, -183.67715647571404, []]}, "{\"10.0.0.11_10.0.0.41\": [1, 3, 4], \"10.0.0.12_10.0.0.42\": [1, 2, 4], \"10.0.0.13_10.0.0.43\": [1, 3, 4]}": {"[\"10.0.0.11_10.0.0.41\", [1, 2, 4]]": [1, -201.69560530042818, []], "[\"10.0.0.12_10.0.0.42\", [1, 3, 4]]": [1, -200.7127062552736, []], "[\"10.0.0.13_10.0.0.43\", [1, 2, 4]]": [1, -201.1949996680672, []], "[\"NoTrans\", []]": [0, -140, []]}, "{\"10.0.0.11_10.0.0.41\": [1, 3, 4], \"10.0.0.12_10.0.0.42\": [1, 2, 4], \"10.0.0.13_10.0.0.43\": [1, 2, 4]}": {"[\"10.0.0.11_10.0.0.41\", [1, 2, 4]]": [1, -219.46328887939455, []], "[\"10.0.0.12_10.0.0.42\", [1, 3, 4]]": [1, -184.75788319037366, []], "[\"10.0.0.13_10.0.0.43\", [1, 3, 4]]": [1, -185.01265386239947, []], "[\"NoTrans\", []]": [1, -200.91160314497824, []]}, "{\"10.0.0.11_10.0.0.41\": [1, 2, 4], \"10.0.0.12_10.0.0.42\": [1, 3, 4], \"10.0.0.13_10.0.0.43\": [1, 3, 4]}": {"[\"10.0.0.11_10.0.0.41\", [1, 3, 4]]": [1, -199.17596588134765, []], "[\"10.0.0.12_10.0.0.42\", [1, 2, 4]]": [1, -200.47714453797894, []], "[\"10.0.0.13_10.0.0.43\", [1, 2, 4]]": [1, -201.81991113414134, []], "[\"NoTrans\", []]": [763, -138.74026451381758, []]}, "{\"10.0.0.11_10.0.0.41\": [1, 2, 4], \"10.0.0.12_10.0.0.42\": [1, 3, 4], \"10.0.0.13_10.0.0.43\": [1, 2, 4]}": {"[\"10.0.0.11_10.0.0.41\", [1, 3, 4]]": [1, -184.35941904589995, []], "[\"10.0.0.12_10.0.0.42\", [1, 2, 4]]": [1, -217.8809524536133, []], "[\"10.0.0.13_10.0.0.43\", [1, 3, 4]]": [1, -182.92892675708543, []], "[\"NoTrans\", []]": [1, -201.9156661710509, []]}, "{\"10.0.0.11_10.0.0.41\": [1, 2, 4], \"10.0.0.12_10.0.0.42\": [1, 2, 4], \"10.0.0.13_10.0.0.43\": [1, 3, 4]}": {"[\"10.0.0.11_10.0.0.41\", [1, 3, 4]]": [1, -185.50637684846117, []], "[\"10.0.0.12_10.0.0.42\", [1, 3, 4]]": [1, -171.55265965141348, []], "[\"10.0.0.13_10.0.0.43\", [1, 2, 4]]": [0, -140, []], "[\"NoTrans\", []]": [1, -201.4066102385177, []]}, "{\"10.0.0.11_10.0.0.41\": [1, 2, 4], \"10.0.0.12_10.0.0.42\": [1, 2, 4], \"10.0.0.13_10.0.0.43\": [1, 2, 4]}": {"[\"10.0.0.11_10.0.0.41\", [1, 3, 4]]": [1, -201.27493450184573, []], "[\"10.0.0.12_10.0.0.42\", [1, 3, 4]]": [1, -202.12900744008397, []], "[\"10.0.0.13_10.0.0.43\", [1, 3, 4]]": [0, -140, []], "[\"NoTrans\", []]": [0, -140, []]}}