{"{\"10.0.0.11_10.0.0.41\": [1, 3, 5, 6], \"10.0.0.12_10.0.0.42\": [1, 3, 5, 6], \"10.0.0.13_10.0.0.43\": [1, 3, 5, 6]}": {"{\"10.0.0.11_10.0.0.41\": [1, 3, 5, 6], \"10.0.0.12_10.0.0.42\": [1, 3, 5, 6], \"10.0.0.13_10.0.0.43\": [1, 2, 4, 6]}": [0, -140, []], "{\"10.0.0.11_10.0.0.41\": [1, 3, 5, 6], \"10.0.0.12_10.0.0.42\": [1, 2, 4, 6], \"10.0.0.13_10.0.0.43\": [1, 3, 5, 6]}": [3, -69.06352864906204, []], "{\"10.0.0.11_10.0.0.41\": [1, 3, 5, 6], \"10.0.0.12_10.0.0.42\": [1, 2, 4, 6], \"10.0.0.13_10.0.0.43\": [1, 2, 4, 6]}": [0, -140, []], "{\"10.0.0.11_10.0.0.41\": [1, 2, 4, 6], \"10.0.0.12_10.0.0.42\": [1, 3, 5, 6], \"10.0.0.13_10.0.0.43\": [1, 3, 5, 6]}": [0, -140, []], "{\"10.0.0.11_10.0.0.41\": [1, 2, 4, 6], \"10.0.0.12_10.0.0.42\": [1, 3, 5, 6], \"10.0.0.13_10.0.0.43\": [1, 2, 4, 6]}": [0, -140, []], "{\"10.0.0.11_10.0.0.41\": [1, 2, 4, 6], \"10.0.0.12_10.0.0.42\": [1, 2, 4, 6], \"10.0.0.13_10.0.0.43\": [1, 3, 5, 6]}": [0, -140, []], "{\"10.0.0.11_10.0.0.41\": [1, 2, 4, 6], \"10.0.0.12_10.0.0.42\": [1, 2, 4, 6], \"10.0.0.13_10.0.0.43\": [1, 2, 4, 6]}": [0, -140, []], "\"NoTrans\"": [0, -140, []]}, "{\"10.0.0.11_10.0.0.41\": [1, 3, 5, 6], \"10.0.0.12_10.0.0.42\": [1, 3, 5, 6], \"10.0.0.13_10.0.0.43\": [1, 2, 4, 6]}": {"{\"10.0.0.11_10.0.0.41\": [1, 3, 5, 6], \"10.0.0.12_10.0.0.42\": [1, 3, 5, 6], \"10.0.0.13_10.0.0.43\": [1, 3, 5, 6]}": [0, -140, []], "{\"10.0.0.11_10.0.0.41\": [1, 3, 5, 6], \"10.0.0.12_10.0.0.42\": [1, 2, 4, 6], \"10.0.0.13_10.0.0.43\": [1, 3, 5, 6]}": [0, -140, []], "{\"10.0.0.11_10.0.0.41\": [1, 3, 5, 6], \"10.0.0.12_10.0.0.42\": [1, 2, 4, 6], \"10.0.0.13_10.0.0.43\": [1, 2, 4, 6]}": [0, -140, []], "{\"10.0.0.11_10.0.0.41\": [1, 2, 4, 6], \"10.0.0.12_10.0.0.42\": [1, 3, 5, 6], \"10.0.0.13_10.0.0.43\": [1, 3, 5, 6]}": [0, -140, []], "{\"10.0.0.11_10.0.0.41\": [1, 2, 4, 6], \"10.0.0.12_10.0.0.42\": [1, 3, 5, 6], \"10.0.0.13_10.0.0.43\": [1, 2, 4, 6]}": [0, -140, []], "{\"10.0.0.11_10.0.0.41\": [1, 2, 4, 6], \"10.0.0.12_10.0.0.42\": [1, 2, 4, 6], \"10.0.0.13_10.0.0.43\": [1, 3, 5, 6]}": [3, -81.36632595872688, []], "{\"10.0.0.11_10.0.0.41\": [1, 2, 4, 6], \"10.0.0.12_10.0.0.42\": [1, 2, 4, 6], \"10.0.0.13_10.0.0.43\": [1, 2, 4, 6]}": [0, -140, []], "\"NoTrans\"": [0, -140, []]}, "{\"10.0.0.11_10.0.0.41\": [1, 3, 5, 6], \"10.0.0.12_10.0.0.42\": [1, 2, 4, 6], \"10.0.0.13_10.0.0.43\": [1, 3, 5, 6]}": {"{\"10.0.0.11_10.0.0.41\": [1, 3, 5, 6], \"10.0.0.12_10.0.0.42\": [1, 3, 5, 6], \"10.0.0.13_10.0.0.43\": [1, 3, 5, 6]}": [0, -140, []], "{\"10.0.0.11_10.0.0.41\": [1, 3, 5, 6], \"10.0.0.12_10.0.0.42\": [1, 3, 5, 6], \"10.0.0.13_10.0.0.43\": [1, 2, 4, 6]}": [3, -67.67019943378725, []], "{\"10.0.0.11_10.0.0.41\": [1, 3, 5, 6], \"10.0.0.12_10.0.0.42\": [1, 2, 4, 6], \"10.0.0.13_10.0.0.43\": [1, 2, 4, 6]}": [0, -140, []], "{\"10.0.0.11_10.0.0.41\": [1, 2, 4, 6], \"10.0.0.12_10.0.0.42\": [1, 3, 5, 6], \"10.0.0.13_10.0.0.43\": [1, 3, 5, 6]}": [0, -140, []], "{\"10.0.0.11_10.0.0.41\": [1, 2, 4, 6], \"10.0.0.12_10.0.0.42\": [1, 3, 5, 6], \"10.0.0.13_10.0.0.43\": [1, 2, 4, 6]}": [0, -140, []], "{\"10.0.0.11_10.0.0.41\": [1, 2, 4, 6], \"10.0.0.12_10.0.0.42\": [1, 2, 4, 6], \"10.0.0.13_10.0.0.43\": [1, 3, 5, 6]}": [0, -140, []], "{\"10.0.0.11_10.0.0.41\": [1, 2, 4, 6], \"10.0.0.12_10.0.0.42\": [1, 2, 4, 6], \"10.0.0.13_10.0.0.43\": [1, 2, 4, 6]}": [0, -140, []], "\"NoTrans\"": [0, -140, []]}, "{\"10.0.0.11_10.0.0.41\": [1, 3, 5, 6], \"10.0.0.12_10.0.0.42\": [1, 2, 4, 6], \"10.0.0.13_10.0.0.43\": [1, 2, 4, 6]}": {"{\"10.0.0.11_10.0.0.41\": [1, 3, 5, 6], \"10.0.0.12_10.0.0.42\": [1, 3, 5, 6], \"10.0.0.13_10.0.0.43\": [1, 3, 5, 6]}": [0, -140, []], "{\"10.0.0.11_10.0.0.41\": [1, 3, 5, 6], \"10.0.0.12_10.0.0.42\": [1, 3, 5, 6], \"10.0.0.13_10.0.0.43\": [1, 2, 4, 6]}": [0, -140, []], "{\"10.0.0.11_10.0.0.41\": [1, 3, 5, 6], \"10.0.0.12_10.0.0.42\": [1, 2, 4, 6], \"10.0.0.13_10.0.0.43\": [1, 3, 5, 6]}": [0, -140, []], "{\"10.0.0.11_10.0.0.41\": [1, 2, 4, 6], \"10.0.0.12_10.0.0.42\": [1, 3, 5, 6], \"10.0.0.13_10.0.0.43\": [1, 3, 5, 6]}": [0, -140, []], "{\"10.0.0.11_10.0.0.41\": [1, 2, 4, 6], \"10.0.0.12_10.0.0.42\": [1, 3, 5, 6], \"10.0.0.13_10.0.0.43\": [1, 2, 4, 6]}": [0, -140, []], "{\"10.0.0.11_10.0.0.41\": [1, 2, 4, 6], \"10.0.0.12_10.0.0.42\": [1, 2, 4, 6], \"10.0.0.13_10.0.0.43\": [1, 3, 5, 6]}": [0, -140, []], "{\"10.0.0.11_10.0.0.41\": [1, 2, 4, 6], \"10.0.0.12_10.0.0.42\": [1, 2, 4, 6], \"10.0.0.13_10.0.0.43\": [1, 2, 4, 6]}": [0, -140, []], "\"NoTrans\"": [0, -140, []]}, "{\"10.0.0.11_10.0.0.41\": [1, 2, 4, 6], \"10.0.0.12_10.0.0.42\": [1, 3, 5, 6], \"10.0.0.13_10.0.0.43\": [1, 3, 5, 6]}": {"{\"10.0.0.11_10.0.0.41\": [1, 3, 5, 6], \"10.0.0.12_10.0.0.42\": [1, 3, 5, 6], \"10.0.0.13_10.0.0.43\": [1, 3, 5, 6]}": [0, -140, []], "{\"10.0.0.11_10.0.0.41\": [1, 3, 5, 6], \"10.0.0.12_10.0.0.42\": [1, 3, 5, 6], \"10.0.0.13_10.0.0.43\": [1, 2, 4, 6]}": [0, -140, []], "{\"10.0.0.11_10.0.0.41\": [1, 3, 5, 6], \"10.0.0.12_10.0.0.42\": [1, 2, 4, 6], \"10.0.0.13_10.0.0.43\": [1, 3, 5, 6]}": [0, -140, []], "{\"10.0.0.11_10.0.0.41\": [1, 3, 5, 6], \"10.0.0.12_10.0.0.42\": [1, 2, 4, 6], \"10.0.0.13_10.0.0.43\": [1, 2, 4, 6]}": [0, -140, []], "{\"10.0.0.11_10.0.0.41\": [1, 2, 4, 6], \"10.0.0.12_10.0.0.42\": [1, 3, 5, 6], \"10.0.0.13_10.0.0.43\": [1, 2, 4, 6]}": [0, -140, []], "{\"10.0.0.11_10.0.0.41\": [1, 2, 4, 6], \"10.0.0.12_10.0.0.42\": [1, 2, 4, 6], \"10.0.0.13_10.0.0.43\": [1, 3, 5, 6]}": [0, -140, []], "{\"10.0.0.11_10.0.0.41\": [1, 2, 4, 6], \"10.0.0.12_10.0.0.42\": [1, 2, 4, 6], \"10.0.0.13_10.0.0.43\": [1, 2, 4, 6]}": [0, -140, []], "\"NoTrans\"": [0, -140, []]}, "{\"10.0.0.11_10.0.0.41\": [1, 2, 4, 6], \"10.0.0.12_10.0.0.42\": [1, 3, 5, 6], \"10.0.0.13_10.0.0.43\": [1, 2, 4, 6]}": {"{\"10.0.0.11_10.0.0.41\": [1, 3, 5, 6], \"10.0.0.12_10.0.0.42\": [1, 3, 5, 6], \"10.0.0.13_10.0.0.43\": [1, 3, 5, 6]}": [0, -140, []], "{\"10.0.0.11_10.0.0.41\": [1, 3, 5, 6], \"10.0.0.12_10.0.0.42\": [1, 3, 5, 6], \"10.0.0.13_10.0.0.43\": [1, 2, 4, 6]}": [0, -140, []], "{\"10.0.0.11_10.0.0.41\": [1, 3, 5, 6], \"10.0.0.12_10.0.0.42\": [1, 2, 4, 6], \"10.0.0.13_10.0.0.43\": [1, 3, 5, 6]}": [0, -140, []], "{\"10.0.0.11_10.0.0.41\": [1, 3, 5, 6], \"10.0.0.12_10.0.0.42\": [1, 2, 4, 6], \"10.0.0.13_10.0.0.43\": [1, 2, 4, 6]}": [0, -140, []], "{\"10.0.0.11_10.0.0.41\": [1, 2, 4, 6], \"10.0.0.12_10.0.0.42\": [1, 3, 5, 6], \"10.0.0.13_10.0.0.43\": [1, 3, 5, 6]}": [0, -140, []], "{\"10.0.0.11_10.0.0.41\": [1, 2, 4, 6], \"10.0.0.12_10.0.0.42\": [1, 2, 4, 6], \"10.0.0.13_10.0.0.43\": [1, 3, 5, 6]}": [0, -140, []], "{\"10.0.0.11_10.0.0.41\": [1, 2, 4, 6], \"10.0.0.12_10.0.0.42\": [1, 2, 4, 6], \"10.0.0.13_10.0.0.43\": [1, 2, 4, 6]}": [0, -140, []], "\"NoTrans\"": [0, -140, []]}, "{\"10.0.0.11_10.0.0.41\": [1, 2, 4, 6], \"10.0.0.12_10.0.0.42\": [1, 2, 4, 6], \"10.0.0.13_10.0.0.43\": [1, 3, 5, 6]}": {"{\"10.0.0.11_10.0.0.41\": [1, 3, 5, 6], \"10.0.0.12_10.0.0.42\": [1, 3, 5, 6], \"10.0.0.13_10.0.0.43\": [1, 3, 5, 6]}": [3, -74.58733694891264, []], "{\"10.0.0.11_10.0.0.41\": [1, 3, 5, 6], \"10.0.0.12_10.0.0.42\": [1, 3, 5, 6], \"10.0.0.13_10.0.0.43\": [1, 2, 4, 6]}": [0, -140, []], "{\"10.0.0.11_10.0.0.41\": [1, 3, 5, 6], \"10.0.0.12_10.0.0.42\": [1, 2, 4, 6], \"10.0.0.13_10.0.0.43\": [1, 3, 5, 6]}": [0, -140, []], "{\"10.0.0.11_10.0.0.41\": [1, 3, 5, 6], \"10.0.0.12_10.0.0.42\": [1, 2, 4, 6], \"10.0.0.13_10.0.0.43\": [1, 2, 4, 6]}": [0, -140, []], "{\"10.0.0.11_10.0.0.41\": [1, 2, 4, 6], \"10.0.0.12_10.0.0.42\": [1, 3, 5, 6], \"10.0.0.13_10.0.0.43\": [1, 3, 5, 6]}": [0, -140, []], "{\"10.0.0.11_10.0.0.41\": [1, 2, 4, 6], \"10.0.0.12_10.0.0.42\": [1, 3, 5, 6], \"10.0.0.13_10.0.0.43\": [1, 2, 4, 6]}": [0, -140, []], "{\"10.0.0.11_10.0.0.41\": [1, 2, 4, 6], \"10.0.0.12_10.0.0.42\": [1, 2, 4, 6], \"10.0.0.13_10.0.0.43\": [1, 2, 4, 6]}": [0, -140, []], "\"NoTrans\"": [0, -140, []]},