{"{\"10.0.0.11_10.0.0.41\": [1, 3, 5, 6], \"10.0.0.12_10.0.0.42\": [1, 3, 5, 6], \"10.0.0.13_10.0.0.43\": [1, 3, 5, 6]}": {"{\"10.0.0.11_10.0.0.41\": [1, 3, 5, 6], \"10.0.0.12_10.0.0.42\": [1, 3, 5, 6], \"10.0.0.13_10.0.0.43\": [1, 2, 4, 6]}": [0, -140, []], "{\"10.0.0.11_10.0.0.41\": [1, 3, 5, 6], \"10.0.0.12_10.0.0.42\": [1, 2, 4, 6], \"10.0.0.13_10.0.0.43\": [1, 3, 5, 6]}": [0, -140, []], "{\"10.0.0.11_10.0.0.41\": [1, 3, 5, 6], \"10.0.0.12_10.0.0.42\": [1, 2, 4, 6], \"10.0.0.13_10.0.0.43\": [1, 2, 4, 6]}": [0, -140, []], "{\"10.0.0.11_10.0.0.41\": [1, 2, 4, 6], \"10.0.0.12_10.0.0.42\": [1, 3, 5, 6], \"10.0.0.13_10.0.0.43\": [1, 3, 5, 6]}": [0, -140, []], "{\"10.0.0.11_10.0.0.41\": [1, 2, 4, 6], \"10.0.0.12_10.0.0.42\": [1, 3, 5, 6], \"10.0.0.13_10.0.0.43\": [1, 2, 4, 6]}": [0, -140, []], "{\"10.0.0.11_10.0.0.41\": [1, 2, 4, 6], \"10.0.0.12_10.0.0.42\": [1, 2, 4, 6], \"10.0.0.13_10.0.0.43\": [1, 3, 5, 6]}": [1, -116.80013716074347, []], "{\"10.0.0.11_10.0.0.41\": [1, 2, 4, 6], \"10.0.0.12_10.0.0.42\": [1, 2, 4, 6], \"10.0.0.13_10.0.0.43\": [1, 2, 4, 6]}": [0, -140, []], "\"NoTrans\"": [0, -140, []]}, "{\"10.0.0.11_10.0.0.41\": [1, 3, 5, 6], \"10.0.0.12_10.0.0.42\": [1, 3, 5, 6], \"10.0.0.13_10.0.0.43\": [1, 2, 4, 6]}": {"{\"10.0.0.11_10.0.0.41\": [1, 3, 5, 6], \"10.0.0.12_10.0.0.42\": [1, 3, 5, 6], \"10.0.0.13_10.0.0.43\": [1, 3, 5, 6]}": [0, -140, []], "{\"10.0.0.11_10.0.0.41\": [1, 3, 5, 6], \"10.0.0.12_10.0.0.42\": [1, 2, 4, 6], \"10.0.0.13_10.0.0.43\": [1, 3, 5, 6]}": [0, -140, []], "{\"10.0.0.11_10.0.0.41\": [1, 3, 5, 6], \"10.0.0.12_10.0.0.42\": [1, 2, 4, 6], \"10.0.0.13_10.0.0.43\": [1, 2, 4, 6]}": [0, -140, []], "{\"10.0.0.11_10.0.0.41\": [1, 2, 4, 6], \"10.0.0.12_10.0.0.42\": [1, 3, 5, 6], \"10.0.0.13_10.0.0.43\": [1, 3, 5, 6]}": [0, -140, []], "{\"10.0.0.11_10.0.0.41\": [1, 2, 4, 6], \"10.0.0.12_10.0.0.42\": [1, 3, 5, 6], \"10.0.0.13_10.0.0.43\": [1, 2, 4, 6]}": [5, -31.221713177838957, []], "{\"10.0.0.11_10.0.0.41\": [1, 2, 4, 6], \"10.0.0.12_10.0.0.42\": [1, 2, 4, 6], \"10.0.0.13_10.0.0.43\": [1, 3, 5, 6]}": [0, -140, []], "{\"10.0.0.11_10.0.0.41\": [1, 2, 4, 6], \"10.0.0.12_10.0.0.42\": [1, 2, 4, 6], \"10.0.0.13_10.0.0.43\": [1, 2, 4, 6]}": [0, -140, []], "\"NoTrans\"": [0, -140, []]}, "{\"10.0.0.11_10.0.0.41\": [1, 3, 5, 6], \"10.0.0.12_10.0.0.42\": [1, 2, 4, 6], \"10.0.0.13_10.0.0.43\": [1, 3, 5, 6]}": {"{\"10.0.0.11_10.0.0.41\": [1, 3, 5, 6], \"10.0.0.12_10.0.0.42\": [1, 3, 5, 6], \"10.0.0.13_10.0.0.43\": [1, 3, 5, 6]}": [0, -140, []], "{\"10.0.0.11_10.0.0.41\": [1, 3, 5, 6], \"10.0.0.12_10.0.0.42\": [1, 3, 5, 6], \"10.0.0.13_10.0.0.43\": [1, 2, 4, 6]}": [0, -140, []], "{\"10.0.0.11_10.0.0.41\": [1, 3, 5, 6], \"10.0.0.12_10.0.0.42\": [1, 2, 4, 6], \"10.0.0.13_10.0.0.43\": [1, 2, 4, 6]}": [0, -140, []], "{\"10.0.0.11_10.0.0.41\": [1, 2, 4, 6], \"10.0.0.12_10.0.0.42\": [1, 3, 5, 6], \"10.0.0.13_10.0.0.43\": [1, 3, 5, 6]}": [0, -140, []], "{\"10.0.0.11_10.0.0.41\": [1, 2, 4, 6], \"10.0.0.12_10.0.0.42\": [1, 3, 5, 6], \"10.0.0.13_10.0.0.43\": [1, 2, 4, 6]}": [0, -140, []], "{\"10.0.0.11_10.0.0.41\": [1, 2, 4, 6], \"10.0.0.12_10.0.0.42\": [1, 2, 4, 6], \"10.0.0.13_10.0.0.43\": [1, 3, 5, 6]}": [0, -140, []], "{\"10.0.0.11_10.0.0.41\": [1, 2, 4, 6], \"10.0.0.12_10.0.0.42\": [1, 2, 4, 6], \"10.0.0.13_10.0.0.43\": [1, 2, 4, 6]}": [0, -140, []], "\"NoTrans\"": [0, -140, []]}, "{\"10.0.0.11_10.0.0.41\": [1, 3, 5, 6], \"10.0.0.12_10.0.0.42\": [1, 2, 4, 6], \"10.0.0.13_10.0.0.43\": [1, 2, 4, 6]}": {"{\"10.0.0.11_10.0.0.41\": [1, 3, 5, 6], \"10.0.0.12_10.0.0.42\": [1, 3, 5, 6], \"10.0.0.13_10.0.0.43\": [1, 3, 5, 6]}": [0, -140, []], "{\"10.0.0.11_10.0.0.41\": [1, 3, 5, 6], \"10.0.0.12_10.0.0.42\": [1, 3, 5, 6], \"10.0.0.13_10.0.0.43\": [1, 2, 4, 6]}": [0, -140, []], "{\"10.0.0.11_10.0.0.41\": [1, 3, 5, 6], \"10.0.0.12_10.0.0.42\": [1, 2, 4, 6], \"10.0.0.13_10.0.0.43\": [1, 3, 5, 6]}": [0, -140, []], "{\"10.0.0.11_10.0.0.41\": [1, 2, 4, 6], \"10.0.0.12_10.0.0.42\": [1, 3, 5, 6], \"10.0.0.13_10.0.0.43\": [1, 3, 5, 6]}": [0, -140, []], "{\"10.0.0.11_10.0.0.41\": [1, 2, 4, 6], \"10.0.0.12_10.0.0.42\": [1, 3, 5, 6], \"10.0.0.13_10.0.0.43\": [1, 2, 4, 6]}": [0, -140, []], "{\"10.0.0.11_10.0.0.41\": [1, 2, 4, 6], \"10.0.0.12_10.0.0.42\": [1, 2, 4, 6], \"10.0.0.13_10.0.0.43\": [1, 3, 5, 6]}": [0, -140, []], "{\"10.0.0.11_10.0.0.41\": [1, 2, 4, 6], \"10.0.0.12_10.0.0.42\": [1, 2, 4, 6], \"10.0.0.13_10.0.0.43\": [1, 2, 4, 6]}": [0, -140, []], "\"NoTrans\"": [0, -140, []]}, "{\"10.0.0.11_10.0.0.41\": [1, 2, 4, 6], \"10.0.0.12_10.0.0.42\": [1, 3, 5, 6], \"10.0.0.13_10.0.0.43\": [1, 3, 5, 6]}": {"{\"10.0.0.11_10.0.0.41\": [1, 3, 5, 6], \"10.0.0.12_10.0.0.42\": [1, 3, 5, 6], \"10.0.0.13_10.0.0.43\": [1, 3, 5, 6]}": [0, -140, []], "{\"10.0.0.11_10.0.0.41\": [1, 3, 5, 6], \"10.0.0.12_10.0.0.42\": [1, 3, 5, 6], \"10.0.0.13_10.0.0.43\": [1, 2, 4, 6]}": [0, -140, []], "{\"10.0.0.11_10.0.0.41\": [1, 3, 5, 6], \"10.0.0.12_10.0.0.42\": [1, 2, 4, 6], \"10.0.0.13_10.0.0.43\": [1, 3, 5, 6]}": [0, -140, []], "{\"10.0.0.11_10.0.0.41\": [1, 3, 5, 6], \"10.0.0.12_10.0.0.42\": [1, 2, 4, 6], \"10.0.0.13_10.0.0.43\": [1, 2, 4, 6]}": [0, -140, []], "{\"10.0.0.11_10.0.0.41\": [1, 2, 4, 6], \"10.0.0.12_10.0.0.42\": [1, 3, 5, 6], \"10.0.0.13_10.0.0.43\": [1, 2, 4, 6]}": [0, -140, []], "{\"10.0.0.11_10.0.0.41\": [1, 2, 4, 6], \"10.0.0.12_10.0.0.42\": [1, 2, 4, 6], \"10.0.0.13_10.0.0.43\": [1, 3, 5, 6]}": [0, -140, []], "{\"10.0.0.11_10.0.0.41\": [1, 2, 4, 6], \"10.0.0.12_10.0.0.42\": [1, 2, 4, 6], \"10.0.0.13_10.0.0.43\": [1, 2, 4, 6]}": [0, -140, []], "\"NoTrans\"": [0, -140, []]}, "{\"10.0.0.11_10.0.0.41\": [1, 2, 4, 6], \"10.0.0.12_10.0.0.42\": [1, 3, 5, 6], \"10.0.0.13_10.0.0.43\": [1, 2, 4, 6]}": {"{\"10.0.0.11_10.0.0.41\": [1, 3, 5, 6], \"10.0.0.12_10.0.0.42\": [1, 3, 5, 6], \"10.0.0.13_10.0.0.43\": [1, 3, 5, 6]}": [0, -140, []], "{\"10.0.0.11_10.0.0.41\": [1, 3, 5, 6], \"10.0.0.12_10.0.0.42\": [1, 3, 5, 6], \"10.0.0.13_10.0.0.43\": [1, 2, 4, 6]}": [6, -26.525811927402025, []], "{\"10.0.0.11_10.0.0.41\": [1, 3, 5, 6], \"10.0.0.12_10.0.0.42\": [1, 2, 4, 6], \"10.0.0.13_10.0.0.43\": [1, 3, 5, 6]}": [0, -140, []], "{\"10.0.0.11_10.0.0.41\": [1, 3, 5, 6], \"10.0.0.12_10.0.0.42\": [1, 2, 4, 6], \"10.0.0.13_10.0.0.43\": [1, 2, 4, 6]}": [0, -140, []], "{\"10.0.0.11_10.0.0.41\": [1, 2, 4, 6], \"10.0.0.12_10.0.0.42\": [1, 3, 5, 6], \"10.0.0.13_10.0.0.43\": [1, 3, 5, 6]}": [0, -140, []], "{\"10.0.0.11_10.0.0.41\": [1, 2, 4, 6], \"10.0.0.12_10.0.0.42\": [1, 2, 4, 6], \"10.0.0.13_10.0.0.43\": [1, 3, 5, 6]}": [0, -140, []], "{\"10.0.0.11_10.0.0.41\": [1, 2, 4, 6], \"10.0.0.12_10.0.0.42\": [1, 2, 4, 6], \"10.0.0.13_10.0.0.43\": [1, 2, 4, 6]}": [0, -140, []], "\"NoTrans\"": [0, -140, []]}, "{\"10.0.0.11_10.0.0.41\": [1, 2, 4, 6], \"10.0.0.12_10.0.0.42\": [1, 2, 4, 6], \"10.0.0.13_10.0.0.43\": [1, 3, 5, 6]}": {"{\"10.0.0.11_10.0.0.41\": [1, 3, 5, 6], \"10.0.0.12_10.0.0.42\": [1, 3, 5, 6], \"10.0.0.13_10.0.0.43\": [1, 3, 5, 6]}": [0, -140, []], "{\"10.0.0.11_10.0.0.41\": [1, 3, 5, 6], \"10.0.0.12_10.0.0.42\": [1, 3, 5, 6], \"10.0.0.13_10.0.0.43\": [1, 2, 4, 6]}": [0, -140, []], "{\"10.0.0.11_10.0.0.41\": [1, 3, 5, 6], \"10.0.0.12_10.0.0.42\": [1, 2, 4, 6], \"10.0.0.13_10.0.0.43\": [1, 3, 5, 6]}": [0, -140, []], "{\"10.0.0.11_10.0.0.41\": [1, 3, 5, 6], \"10.0.0.12_10.0.0.42\": [1, 2, 4, 6], \"10.0.0.13_10.0.0.43\": [1, 2, 4, 6]}": [0, -140, []], "{\"10.0.0.11_10.0.0.41\": [1, 2, 4, 6], \"10.0.0.12_10.0.0.42\": [1, 3, 5, 6], \"10.0.0.13_10.0.0.43\": [1, 3, 5, 6]}": [0, -140, []], "{\"10.0.0.11_10.0.0.41\": [1, 2, 4, 6], \"10.0.0.12_10.0.0.42\": [1, 3, 5, 6], \"10.0.0.13_10.0.0.43\": [1, 2, 4, 6]}": [1, -116.95199804183288, []], "{\"10.0.0.11_10.0.0.41\": [1, 2, 4, 6], \"10.0.0.12_10.0.0.42\": [1, 2, 4, 6], \"10.0.0.13_10.0.0.43\": [1, 2, 4, 6]}": [0, -140, []], "\"NoTrans\"": [0, -140, []]},