{"{\"10.0.0.11_10.0.0.41\": [1, 3, 4], \"10.0.0.12_10.0.0.42\": [1, 3, 4], \"10.0.0.13_10.0.0.43\": [1, 3, 4]}": {"[\"10.0.0.11_10.0.0.41\", [1, 2, 4]]": [2, -146.98973276535204, []], "[\"10.0.0.12_10.0.0.42\", [1, 2, 4]]": [1, -183.00518795224252, []], "[\"10.0.0.13_10.0.0.43\", [1, 2, 4]]": [1, -184.7738428826413, []], "[\"NoTrans\", []]": [1, -197.91904727254231, []]}, "{\"10.0.0.11_10.0.0.41\": [1, 3, 4], \"10.0.0.12_10.0.0.42\": [1, 3, 4], \"10.0.0.13_10.0.0.43\": [1, 2, 4]}": {"[\"10.0.0.11_10.0.0.41\", [1, 2, 4]]": [1, -201.73563038374846, []], "[\"10.0.0.12_10.0.0.42\", [1, 2, 4]]": [1, -228.166781256374, []], "[\"10.0.0.13_10.0.0.43\", [1, 3, 4]]": [2, -209.15011167089844, []], "[\"NoTrans\", []]": [2, -215.84608041890374, []]}, "{\"10.0.0.11_10.0.0.41\": [1, 3, 4], \"10.0.0.12_10.0.0.42\": [1, 2, 4], \"10.0.0.13_10.0.0.43\": [1, 3, 4]}": {"[\"10.0.0.11_10.0.0.41\", [1, 2, 4]]": [0, -140, []], "[\"10.0.0.12_10.0.0.42\", [1, 3, 4]]": [1, -197.90979579833984, []], "[\"10.0.0.13_10.0.0.43\", [1, 2, 4]]": [1, -199.18409237589614, []], "[\"NoTrans\", []]": [1, -183.6655983656784, []]}, "{\"10.0.0.11_10.0.0.41\": [1, 3, 4], \"10.0.0.12_10.0.0.42\": [1, 2, 4], \"10.0.0.13_10.0.0.43\": [1, 2, 4]}": {"[\"10.0.0.11_10.0.0.41\", [1, 2, 4]]": [1, -217.1501759651693, []], "[\"10.0.0.12_10.0.0.42\", [1, 3, 4]]": [2, -192.56768571934597, []], "[\"10.0.0.13_10.0.0.43\", [1, 3, 4]]": [1, -184.27971678267318, []], "[\"NoTrans\", []]": [1, -201.99493446201308, []]}, "{\"10.0.0.11_10.0.0.41\": [1, 2, 4], \"10.0.0.12_10.0.0.42\": [1, 3, 4], \"10.0.0.13_10.0.0.43\": [1, 3, 4]}": {"[\"10.0.0.11_10.0.0.41\", [1, 3, 4]]": [1, -196.78803074396075, []], "[\"10.0.0.12_10.0.0.42\", [1, 2, 4]]": [1, -199.80692839803595, []], "[\"10.0.0.13_10.0.0.43\", [1, 2, 4]]": [1, -201.8693882681824, []], "[\"NoTrans\", []]": [763, -127.11598460245811, []]}, "{\"10.0.0.11_10.0.0.41\": [1, 2, 4], \"10.0.0.12_10.0.0.42\": [1, 3, 4], \"10.0.0.13_10.0.0.43\": [1, 2, 4]}": {"[\"10.0.0.11_10.0.0.41\", [1, 3, 4]]": [1, -211.79187707890594, []], "[\"10.0.0.12_10.0.0.42\", [1, 2, 4]]": [0, -140, []], "[\"10.0.0.13_10.0.0.43\", [1, 3, 4]]": [1, -171.09654579509927, []], "[\"NoTrans\", []]": [0, -140, []]}, "{\"10.0.0.11_10.0.0.41\": [1, 2, 4], \"10.0.0.12_10.0.0.42\": [1, 2, 4], \"10.0.0.13_10.0.0.43\": [1, 3, 4]}": {"[\"10.0.0.11_10.0.0.41\", [1, 3, 4]]": [0, -140, []], "[\"10.0.0.12_10.0.0.42\", [1, 3, 4]]": [1, -170.2895159839631, []], "[\"10.0.0.13_10.0.0.43\", [1, 2, 4]]": [0, -140, []], "[\"NoTrans\", []]": [1, -201.70058590684252, []]}, "{\"10.0.0.11_10.0.0.41\": [1, 2, 4], \"10.0.0.12_10.0.0.42\": [1, 2, 4], \"10.0.0.13_10.0.0.43\": [1, 2, 4]}": {"[\"10.0.0.11_10.0.0.41\", [1, 3, 4]]": [1, -199.84536794722572, []], "[\"10.0.0.12_10.0.0.42\", [1, 3, 4]]": [0, -140, []], "[\"10.0.0.13_10.0.0.43\", [1, 3, 4]]": [0, -140, []], "[\"NoTrans\", []]": [0, -140, []]}}