{"{\"10.0.0.11_10.0.0.51\": [1, 4, 5], \"10.0.0.12_10.0.0.52\": [1, 4, 5], \"10.0.0.13_10.0.0.53\": [1, 4, 5]}": {"[\"10.0.0.12_10.0.0.52\", [1, 3, 5]]": [24, -0.6907665870210195, []], "[\"10.0.0.12_10.0.0.52\", [1, 2, 5]]": [0, -Infinity, []], "[\"10.0.0.13_10.0.0.53\", [1, 3, 5]]": [8, -0.45798865589392435, []], "[\"10.0.0.13_10.0.0.53\", [1, 2, 5]]": [0, -Infinity, []], "[\"10.0.0.11_10.0.0.51\", [1, 3, 5]]": [0, -Infinity, []], "[\"10.0.0.11_10.0.0.51\", [1, 2, 5]]": [0, -Infinity, []], "[\"NoTrans\", []]": [0, -Infinity, []]}, "{\"10.0.0.11_10.0.0.51\": [1, 3, 5], \"10.0.0.12_10.0.0.52\": [1, 4, 5], \"10.0.0.13_10.0.0.53\": [1, 4, 5]}": {"[\"10.0.0.12_10.0.0.52\", [1, 3, 5]]": [0, -Infinity, []], "[\"10.0.0.12_10.0.0.52\", [1, 2, 5]]": [0, -Infinity, []], "[\"10.0.0.13_10.0.0.53\", [1, 3, 5]]": [0, -Infinity, []], "[\"10.0.0.13_10.0.0.53\", [1, 2, 5]]": [0, -Infinity, []], "[\"10.0.0.11_10.0.0.51\", [1, 4, 5]]": [0, -Infinity, []], "[\"10.0.0.11_10.0.0.51\", [1, 2, 5]]": [0, -Infinity, []], "[\"NoTrans\", []]": [0, -Infinity, []]}, "{\"10.0.0.11_10.0.0.51\": [1, 2, 5], \"10.0.0.12_10.0.0.52\": [1, 4, 5], \"10.0.0.13_10.0.0.53\": [1, 4, 5]}": {"[\"10.0.0.12_10.0.0.52\", [1, 3, 5]]": [3, 1.1998463980633831, []], "[\"10.0.0.12_10.0.0.52\", [1, 2, 5]]": [0, -Infinity, []], "[\"10.0.0.13_10.0.0.53\", [1, 3, 5]]": [0, -Infinity, []], "[\"10.0.0.13_10.0.0.53\", [1, 2, 5]]": [0, -Infinity, []], "[\"10.0.0.11_10.0.0.51\", [1, 4, 5]]": [0, -Infinity, []], "[\"10.0.0.11_10.0.0.51\", [1, 3, 5]]": [0, -Infinity, []], "[\"NoTrans\", []]": [0, -Infinity, []]}, "{\"10.0.0.11_10.0.0.51\": [1, 4, 5], \"10.0.0.12_10.0.0.52\": [1, 4, 5], \"10.0.0.13_10.0.0.53\": [1, 3, 5]}": {"[\"10.0.0.12_10.0.0.52\", [1, 3, 5]]": [6, 0.1688078595905378, []], "[\"10.0.0.12_10.0.0.52\", [1, 2, 5]]": [0, -Infinity, []], "[\"10.0.0.13_10.0.0.53\", [1, 4, 5]]": [8, -0.11824982915602222, []], "[\"10.0.0.13_10.0.0.53\", [1, 2, 5]]": [0, -Infinity, []], "[\"10.0.0.11_10.0.0.51\", [1, 3, 5]]": [16, -0.1588049050620649, []], "[\"10.0.0.11_10.0.0.51\", [1, 2, 5]]": [0, -Infinity, []], "[\"NoTrans\", []]": [30, -0.18868246933832927, []]}, "{\"10.0.0.11_10.0.0.51\": [1, 3, 5], \"10.0.0.12_10.0.0.52\": [1, 4, 5], \"10.0.0.13_10.0.0.53\": [1, 3, 5]}": {"[\"10.0.0.12_10.0.0.52\", [1, 3, 5]]": [12, 0.05293625381187611, []], "[\"10.0.0.12_10.0.0.52\", [1, 2, 5]]": [48, 1.5518014886860876, []], "[\"10.0.0.13_10.0.0.53\", [1, 4, 5]]": [0, -Infinity, []], "[\"10.0.0.13_10.0.0.53\", [1, 2, 5]]": [13, -0.03838951892220788, []], "[\"10.0.0.11_10.0.0.51\", [1, 4, 5]]": [0, -Infinity, []], "[\"10.0.0.11_10.0.0.51\", [1, 2, 5]]": [1, 0.5860261230070094, []], "[\"NoTrans\", []]": [0, -Infinity, []]}, "{\"10.0.0.11_10.0.0.51\": [1, 2, 5], \"10.0.0.12_10.0.0.52\": [1, 4, 5], \"10.0.0.13_10.0.0.53\": [1, 3, 5]}": {"[\"10.0.0.12_10.0.0.52\", [1, 3, 5]]": [29, 1.449292220326155, []], "[\"10.0.0.12_10.0.0.52\", [1, 2, 5]]": [0, -Infinity, []], "[\"10.0.0.13_10.0.0.53\", [1, 4, 5]]": [1, -0.11718786611636794, []], "[\"10.0.0.13_10.0.0.53\", [1, 2, 5]]": [0, -Infinity, []], "[\"10.0.0.11_10.0.0.51\", [1, 4, 5]]": [0, -Infinity, []], "[\"10.0.0.11_10.0.0.51\", [1, 3, 5]]": [0, -Infinity, []], "[\"NoTrans\", []]": [0, -Infinity, []]}, "{\"10.0.0.11_10.0.0.51\": [1, 4, 5], \"10.0.0.12_10.0.0.52\": [1, 4, 5], \"10.0.0.13_10.0.0.53\": [1, 2, 5]}": {"[\"10.0.0.12_10.0.0.52\", [1, 3, 5]]": [5, -0.5365456961898724, []], "[\"10.0.0.12_10.0.0.52\", [1, 2, 5]]": [0, -Infinity, []], "[\"10.0.0.13_10.0.0.53\", [1, 4, 5]]": [0, -Infinity, []], "[\"10.0.0.13_10.0.0.53\", [1, 3, 5]]": [15, 1.1794007429232176, []], "[\"10.0.0.11_10.0.0.51\", [1, 3, 5]]": [0, -Infinity, []], "[\"10.0.0.11_10.0.0.51\", [1, 2, 5]]": [0, -Infinity, []], "[\"NoTrans\", []]": [0, -Infinity, []]}, "{\"10.0.0.11_10.0.0.51\": [1, 3, 5], \"10.0.0.12_10.0.0.52\": [1, 4, 5], \"10.0.0.13_10.0.0.53\": [1, 2, 5]}": {"[\"10.0.0.12_10.0.0.52\", [1, 3, 5]]": [2, 0.06459532919431432, []], "[\"10.0.0.12_10.0.0.52\", [1, 2, 5]]": [13, -0.32151529908950793, []], "[\"10.0.0.13_10.0.0.53\", [1, 4, 5]]": [0, -Infinity, []], "[\"10.0.0.13_10.0.0.53\", [1, 3, 5]]": [0, -Infinity, []], "[\"10.0.0.11_10.0.0.51\", [1, 4, 5]]": [15, 0.5839718890802571, []], "[\"10.0.0.11_10.0.0.51\", [1, 2, 5]]": [0, -Infinity, []], "[\"NoTrans\", []]": [0, -Infinity, []]}, "{\"10.0.0.11_10.0.0.51\": [1, 2, 5], \"10.0.0.12_10.0.0.52\": [1, 4, 5], \"10.0.0.13_10.0.0.53\": [1, 2, 5]}": {"[\"10.0.0.12_10.0.0.52\", [1, 3, 5]]": [0, -Infinity, []], "[\"10.0.0.12_10.0.0.52\", [1, 2, 5]]": [0, -Infinity, []], "[\"10.0.0.13_10.0.0.53\", [1, 4, 5]]": [0, -Infinity, []], "[\"10.0.0.13_10.0.0.53\", [1, 3, 5]]": [0, -Infinity, []], "[\"10.0.0.11_10.0.0.51\", [1, 4, 5]]": [0, -Infinity, []], "[\"10.0.0.11_10.0.0.51\", [1, 3, 5]]": [0, -Infinity, []], "[\"NoTrans\", []]": [0, -Infinity, []]}, "{\"10.0.0.11_10.0.0.51\": [1, 4, 5], \"10.0.0.12_10.0.0.52\": [1, 3, 5], \"10.0.0.13_10.0.0.53\": [1, 4, 5]}": {"[\"10.0.0.12_10.0.0.52\", [1, 4, 5]]": [24, 0.3557566492720515, []], "[\"10.0.0.12_10.0.0.52\", [1, 2, 5]]": [0, -Infinity, []], "[\"10.0.0.13_10.0.0.53\", [1, 3, 5]]": [0, -Infinity, []], "[\"10.0.0.13_10.0.0.53\", [1, 2, 5]]": [0, -Infinity, []], "[\"10.0.0.11_10.0.0.51\", [1, 3, 5]]": [0, -Infinity, []], "[\"10.0.0.11_10.0.0.51\", [1, 2, 5]]": [0, -Infinity, []], "[\"NoTrans\", []]": [0, -Infinity, []]}, "{\"10.0.0.11_10.0.0.51\": [1, 3, 5], \"10.0.0.12_10.0.0.52\": [1, 3, 5], \"10.0.0.13_10.0.0.53\": [1, 4, 5]}": {"[\"10.0.0.12_10.0.0.52\", [1, 4, 5]]": [0, -Infinity, []], "[\"10.0.0.12_10.0.0.52\", [1, 2, 5]]": [0, -Infinity, []], "[\"10.0.0.13_10.0.0.53\", [1, 3, 5]]": [0, -Infinity, []], "[\"10.0.0.13_10.0.0.53\", [1, 2, 5]]": [0, -Infinity, []], "[\"10.0.0.11_10.0.0.51\", [1, 4, 5]]": [0, -Infinity, []], "[\"10.0.0.11_10.0.0.51\", [1, 2, 5]]": [0, -Infinity, []], "[\"NoTrans\", []]": [0, -Infinity, []]}, "{\"10.0.0.11_10.0.0.51\": [1, 2, 5], \"10.0.0.12_10.0.0.52\": [1, 3, 5], \"10.0.0.13_10.0.0.53\": [1, 4, 5]}": {"[\"10.0.0.12_10.0.0.52\", [1, 4, 5]]": [2, 1.1228774992197732, []], "[\"10.0.0.12_10.0.0.52\", [1, 2, 5]]": [0, -Infinity, []], "[\"10.0.0.13_10.0.0.53\", [1, 3, 5]]": [0, -Infinity, []], "[\"10.0.0.13_10.0.0.53\", [1, 2, 5]]": [0, -Infinity, []], "[\"10.0.0.11_10.0.0.51\", [1, 4, 5]]": [0, -Infinity, []], "[\"10.0.0.11_10.0.0.51\", [1, 3, 5]]": [0, -Infinity, []], "[\"NoTrans\", []]": [0, -Infinity, []]}, "{\"10.0.0.11_10.0.0.51\": [1, 4, 5], \"10.0.0.12_10.0.0.52\": [1, 3, 5], \"10.0.0.13_10.0.0.53\": [1, 3, 5]}": {"[\"10.0.0.12_10.0.0.52\", [1, 4, 5]]": [6, 0.6988854194588439, []], "[\"10.0.0.12_10.0.0.52\", [1, 2, 5]]": [0, -Infinity, []], "[\"10.0.0.13_10.0.0.53\", [1, 4, 5]]": [0, -Infinity, []], "[\"10.0.0.13_10.0.0.53\", [1, 2, 5]]": [0, -Infinity, []], "[\"10.0.0.11_10.0.0.51\", [1, 3, 5]]": [0, -Infinity, []], "[\"10.0.0.11_10.0.0.51\", [1, 2, 5]]": [0, -Infinity, []], "[\"NoTrans\", []]": [0, -Infinity, []]}, "{\"10.0.0.11_10.0.0.51\": [1, 3, 5], \"10.0.0.12_10.0.0.52\": [1, 3, 5], \"10.0.0.13_10.0.0.53\": [1, 3, 5]}": {"[\"10.0.0.12_10.0.0.52\", [1, 4, 5]]": [12, 0.8943664476766924, []], "[\"10.0.0.12_10.0.0.52\", [1, 2, 5]]": [0, -Infinity, []], "[\"10.0.0.13_10.0.0.53\", [1, 4, 5]]": [0, -Infinity, []], "[\"10.0.0.13_10.0.0.53\", [1, 2, 5]]": [0, -Infinity, []], "[\"10.0.0.11_10.0.0.51\", [1, 4, 5]]": [0, -Infinity, []], "[\"10.0.0.11_10.0.0.51\", [1, 2, 5]]": [0, -Infinity, []], "[\"NoTrans\", []]": [0, -Infinity, []]}, "{\"10.0.0.11_10.0.0.51\": [1, 2, 5], \"10.0.0.12_10.0.0.52\": [1, 3, 5], \"10.0.0.13_10.0.0.53\": [1, 3, 5]}": {"[\"10.0.0.12_10.0.0.52\", [1, 4, 5]]": [27, 1.2493854035867482, []], "[\"10.0.0.12_10.0.0.52\", [1, 2, 5]]": [2, 0.4494686335656767, []], "[\"10.0.0.13_10.0.0.53\", [1, 4, 5]]": [0, -Infinity, []], "[\"10.0.0.13_10.0.0.53\", [1, 2, 5]]": [0, -Infinity, []], "[\"10.0.0.11_10.0.0.51\", [1, 4, 5]]": [0, -Infinity, []], "[\"10.0.0.11_10.0.0.51\", [1, 3, 5]]": [0, -Infinity, []], "[\"NoTrans\", []]": [0, -Infinity, []]},