{"{\"10.0.0.11_10.0.0.41\": [1, 3, 5, 6], \"10.0.0.12_10.0.0.42\": [1, 3, 5, 6], \"10.0.0.13_10.0.0.43\": [1, 3, 5, 6]}": {"{\"10.0.0.11_10.0.0.41\": [1, 3, 5, 6], \"10.0.0.12_10.0.0.42\": [1, 3, 5, 6], \"10.0.0.13_10.0.0.43\": [1, 2, 4, 6]}": [0, -140, []], "{\"10.0.0.11_10.0.0.41\": [1, 3, 5, 6], \"10.0.0.12_10.0.0.42\": [1, 2, 4, 6], \"10.0.0.13_10.0.0.43\": [1, 3, 5, 6]}": [0, -140, []], "{\"10.0.0.11_10.0.0.41\": [1, 3, 5, 6], \"10.0.0.12_10.0.0.42\": [1, 2, 4, 6], \"10.0.0.13_10.0.0.43\": [1, 2, 4, 6]}": [0, -140, []], "{\"10.0.0.11_10.0.0.41\": [1, 2, 4, 6], \"10.0.0.12_10.0.0.42\": [1, 3, 5, 6], \"10.0.0.13_10.0.0.43\": [1, 3, 5, 6]}": [0, -140, []], "{\"10.0.0.11_10.0.0.41\": [1, 2, 4, 6], \"10.0.0.12_10.0.0.42\": [1, 3, 5, 6], \"10.0.0.13_10.0.0.43\": [1, 2, 4, 6]}": [0, -140, []], "{\"10.0.0.11_10.0.0.41\": [1, 2, 4, 6], \"10.0.0.12_10.0.0.42\": [1, 2, 4, 6], \"10.0.0.13_10.0.0.43\": [1, 3, 5, 6]}": [0, -140, []], "{\"10.0.0.11_10.0.0.41\": [1, 2, 4, 6], \"10.0.0.12_10.0.0.42\": [1, 2, 4, 6], \"10.0.0.13_10.0.0.43\": [1, 2, 4, 6]}": [6, -25.308096404061278, []], "\"NoTrans\"": [0, -140, []]}, "{\"10.0.0.11_10.0.0.41\": [1, 3, 5, 6], \"10.0.0.12_10.0.0.42\": [1, 3, 5, 6], \"10.0.0.13_10.0.0.43\": [1, 2, 4, 6]}": {"{\"10.0.0.11_10.0.0.41\": [1, 3, 5, 6], \"10.0.0.12_10.0.0.42\": [1, 3, 5, 6], \"10.0.0.13_10.0.0.43\": [1, 3, 5, 6]}": [1, -116.81572991171106, []], "{\"10.0.0.11_10.0.0.41\": [1, 3, 5, 6], \"10.0.0.12_10.0.0.42\": [1, 2, 4, 6], \"10.0.0.13_10.0.0.43\": [1, 3, 5, 6]}": [0, -140, []], "{\"10.0.0.11_10.0.0.41\": [1, 3, 5, 6], \"10.0.0.12_10.0.0.42\": [1, 2, 4, 6], \"10.0.0.13_10.0.0.43\": [1, 2, 4, 6]}": [0, -140, []], "{\"10.0.0.11_10.0.0.41\": [1, 2, 4, 6], \"10.0.0.12_10.0.0.42\": [1, 3, 5, 6], \"10.0.0.13_10.0.0.43\": [1, 3, 5, 6]}": [0, -140, []], "{\"10.0.0.11_10.0.0.41\": [1, 2, 4, 6], \"10.0.0.12_10.0.0.42\": [1, 3, 5, 6], \"10.0.0.13_10.0.0.43\": [1, 2, 4, 6]}": [0, -140, []], "{\"10.0.0.11_10.0.0.41\": [1, 2, 4, 6], \"10.0.0.12_10.0.0.42\": [1, 2, 4, 6], \"10.0.0.13_10.0.0.43\": [1, 3, 5, 6]}": [0, -140, []], "{\"10.0.0.11_10.0.0.41\": [1, 2, 4, 6], \"10.0.0.12_10.0.0.42\": [1, 2, 4, 6], \"10.0.0.13_10.0.0.43\": [1, 2, 4, 6]}": [0, -140, []], "\"NoTrans\"": [0, -140, []]}, "{\"10.0.0.11_10.0.0.41\": [1, 3, 5, 6], \"10.0.0.12_10.0.0.42\": [1, 2, 4, 6], \"10.0.0.13_10.0.0.43\": [1, 3, 5, 6]}": {"{\"10.0.0.11_10.0.0.41\": [1, 3, 5, 6], \"10.0.0.12_10.0.0.42\": [1, 3, 5, 6], \"10.0.0.13_10.0.0.43\": [1, 3, 5, 6]}": [0, -140, []], "{\"10.0.0.11_10.0.0.41\": [1, 3, 5, 6], \"10.0.0.12_10.0.0.42\": [1, 3, 5, 6], \"10.0.0.13_10.0.0.43\": [1, 2, 4, 6]}": [0, -140, []], "{\"10.0.0.11_10.0.0.41\": [1, 3, 5, 6], \"10.0.0.12_10.0.0.42\": [1, 2, 4, 6], \"10.0.0.13_10.0.0.43\": [1, 2, 4, 6]}": [0, -140, []], "{\"10.0.0.11_10.0.0.41\": [1, 2, 4, 6], \"10.0.0.12_10.0.0.42\": [1, 3, 5, 6], \"10.0.0.13_10.0.0.43\": [1, 3, 5, 6]}": [0, -140, []], "{\"10.0.0.11_10.0.0.41\": [1, 2, 4, 6], \"10.0.0.12_10.0.0.42\": [1, 3, 5, 6], \"10.0.0.13_10.0.0.43\": [1, 2, 4, 6]}": [0, -140, []], "{\"10.0.0.11_10.0.0.41\": [1, 2, 4, 6], \"10.0.0.12_10.0.0.42\": [1, 2, 4, 6], \"10.0.0.13_10.0.0.43\": [1, 3, 5, 6]}": [0, -140, []], "{\"10.0.0.11_10.0.0.41\": [1, 2, 4, 6], \"10.0.0.12_10.0.0.42\": [1, 2, 4, 6], \"10.0.0.13_10.0.0.43\": [1, 2, 4, 6]}": [0, -140, []], "\"NoTrans\"": [0, -140, []]}, "{\"10.0.0.11_10.0.0.41\": [1, 3, 5, 6], \"10.0.0.12_10.0.0.42\": [1, 2, 4, 6], \"10.0.0.13_10.0.0.43\": [1, 2, 4, 6]}": {"{\"10.0.0.11_10.0.0.41\": [1, 3, 5, 6], \"10.0.0.12_10.0.0.42\": [1, 3, 5, 6], \"10.0.0.13_10.0.0.43\": [1, 3, 5, 6]}": [0, -140, []], "{\"10.0.0.11_10.0.0.41\": [1, 3, 5, 6], \"10.0.0.12_10.0.0.42\": [1, 3, 5, 6], \"10.0.0.13_10.0.0.43\": [1, 2, 4, 6]}": [1, -117.03731717898478, []], "{\"10.0.0.11_10.0.0.41\": [1, 3, 5, 6], \"10.0.0.12_10.0.0.42\": [1, 2, 4, 6], \"10.0.0.13_10.0.0.43\": [1, 3, 5, 6]}": [0, -140, []], "{\"10.0.0.11_10.0.0.41\": [1, 2, 4, 6], \"10.0.0.12_10.0.0.42\": [1, 3, 5, 6], \"10.0.0.13_10.0.0.43\": [1, 3, 5, 6]}": [0, -140, []], "{\"10.0.0.11_10.0.0.41\": [1, 2, 4, 6], \"10.0.0.12_10.0.0.42\": [1, 3, 5, 6], \"10.0.0.13_10.0.0.43\": [1, 2, 4, 6]}": [0, -140, []], "{\"10.0.0.11_10.0.0.41\": [1, 2, 4, 6], \"10.0.0.12_10.0.0.42\": [1, 2, 4, 6], \"10.0.0.13_10.0.0.43\": [1, 3, 5, 6]}": [0, -140, []], "{\"10.0.0.11_10.0.0.41\": [1, 2, 4, 6], \"10.0.0.12_10.0.0.42\": [1, 2, 4, 6], \"10.0.0.13_10.0.0.43\": [1, 2, 4, 6]}": [0, -140, []], "\"NoTrans\"": [0, -140, []]}, "{\"10.0.0.11_10.0.0.41\": [1, 2, 4, 6], \"10.0.0.12_10.0.0.42\": [1, 3, 5, 6], \"10.0.0.13_10.0.0.43\": [1, 3, 5, 6]}": {"{\"10.0.0.11_10.0.0.41\": [1, 3, 5, 6], \"10.0.0.12_10.0.0.42\": [1, 3, 5, 6], \"10.0.0.13_10.0.0.43\": [1, 3, 5, 6]}": [0, -140, []], "{\"10.0.0.11_10.0.0.41\": [1, 3, 5, 6], \"10.0.0.12_10.0.0.42\": [1, 3, 5, 6], \"10.0.0.13_10.0.0.43\": [1, 2, 4, 6]}": [0, -140, []], "{\"10.0.0.11_10.0.0.41\": [1, 3, 5, 6], \"10.0.0.12_10.0.0.42\": [1, 2, 4, 6], \"10.0.0.13_10.0.0.43\": [1, 3, 5, 6]}": [0, -140, []], "{\"10.0.0.11_10.0.0.41\": [1, 3, 5, 6], \"10.0.0.12_10.0.0.42\": [1, 2, 4, 6], \"10.0.0.13_10.0.0.43\": [1, 2, 4, 6]}": [0, -140, []], "{\"10.0.0.11_10.0.0.41\": [1, 2, 4, 6], \"10.0.0.12_10.0.0.42\": [1, 3, 5, 6], \"10.0.0.13_10.0.0.43\": [1, 2, 4, 6]}": [0, -140, []], "{\"10.0.0.11_10.0.0.41\": [1, 2, 4, 6], \"10.0.0.12_10.0.0.42\": [1, 2, 4, 6], \"10.0.0.13_10.0.0.43\": [1, 3, 5, 6]}": [0, -140, []], "{\"10.0.0.11_10.0.0.41\": [1, 2, 4, 6], \"10.0.0.12_10.0.0.42\": [1, 2, 4, 6], \"10.0.0.13_10.0.0.43\": [1, 2, 4, 6]}": [0, -140, []], "\"NoTrans\"": [0, -140, []]}, "{\"10.0.0.11_10.0.0.41\": [1, 2, 4, 6], \"10.0.0.12_10.0.0.42\": [1, 3, 5, 6], \"10.0.0.13_10.0.0.43\": [1, 2, 4, 6]}": {"{\"10.0.0.11_10.0.0.41\": [1, 3, 5, 6], \"10.0.0.12_10.0.0.42\": [1, 3, 5, 6], \"10.0.0.13_10.0.0.43\": [1, 3, 5, 6]}": [0, -140, []], "{\"10.0.0.11_10.0.0.41\": [1, 3, 5, 6], \"10.0.0.12_10.0.0.42\": [1, 3, 5, 6], \"10.0.0.13_10.0.0.43\": [1, 2, 4, 6]}": [0, -140, []], "{\"10.0.0.11_10.0.0.41\": [1, 3, 5, 6], \"10.0.0.12_10.0.0.42\": [1, 2, 4, 6], \"10.0.0.13_10.0.0.43\": [1, 3, 5, 6]}": [0, -140, []], "{\"10.0.0.11_10.0.0.41\": [1, 3, 5, 6], \"10.0.0.12_10.0.0.42\": [1, 2, 4, 6], \"10.0.0.13_10.0.0.43\": [1, 2, 4, 6]}": [0, -140, []], "{\"10.0.0.11_10.0.0.41\": [1, 2, 4, 6], \"10.0.0.12_10.0.0.42\": [1, 3, 5, 6], \"10.0.0.13_10.0.0.43\": [1, 3, 5, 6]}": [0, -140, []], "{\"10.0.0.11_10.0.0.41\": [1, 2, 4, 6], \"10.0.0.12_10.0.0.42\": [1, 2, 4, 6], \"10.0.0.13_10.0.0.43\": [1, 3, 5, 6]}": [0, -140, []], "{\"10.0.0.11_10.0.0.41\": [1, 2, 4, 6], \"10.0.0.12_10.0.0.42\": [1, 2, 4, 6], \"10.0.0.13_10.0.0.43\": [1, 2, 4, 6]}": [0, -140, []], "\"NoTrans\"": [0, -140, []]}, "{\"10.0.0.11_10.0.0.41\": [1, 2, 4, 6], \"10.0.0.12_10.0.0.42\": [1, 2, 4, 6], \"10.0.0.13_10.0.0.43\": [1, 3, 5, 6]}": {"{\"10.0.0.11_10.0.0.41\": [1, 3, 5, 6], \"10.0.0.12_10.0.0.42\": [1, 3, 5, 6], \"10.0.0.13_10.0.0.43\": [1, 3, 5, 6]}": [0, -140, []], "{\"10.0.0.11_10.0.0.41\": [1, 3, 5, 6], \"10.0.0.12_10.0.0.42\": [1, 3, 5, 6], \"10.0.0.13_10.0.0.43\": [1, 2, 4, 6]}": [0, -140, []], "{\"10.0.0.11_10.0.0.41\": [1, 3, 5, 6], \"10.0.0.12_10.0.0.42\": [1, 2, 4, 6], \"10.0.0.13_10.0.0.43\": [1, 3, 5, 6]}": [0, -140, []], "{\"10.0.0.11_10.0.0.41\": [1, 3, 5, 6], \"10.0.0.12_10.0.0.42\": [1, 2, 4, 6], \"10.0.0.13_10.0.0.43\": [1, 2, 4, 6]}": [0, -140, []], "{\"10.0.0.11_10.0.0.41\": [1, 2, 4, 6], \"10.0.0.12_10.0.0.42\": [1, 3, 5, 6], \"10.0.0.13_10.0.0.43\": [1, 3, 5, 6]}": [0, -140, []], "{\"10.0.0.11_10.0.0.41\": [1, 2, 4, 6], \"10.0.0.12_10.0.0.42\": [1, 3, 5, 6], \"10.0.0.13_10.0.0.43\": [1, 2, 4, 6]}": [0, -140, []], "{\"10.0.0.11_10.0.0.41\": [1, 2, 4, 6], \"10.0.0.12_10.0.0.42\": [1, 2, 4, 6], \"10.0.0.13_10.0.0.43\": [1, 2, 4, 6]}": [0, -140, []], "\"NoTrans\"": [0, -140, []]},