{"{\"10.0.0.11_10.0.0.41\": [1, 3, 5, 6], \"10.0.0.12_10.0.0.42\": [1, 3, 5, 6], \"10.0.0.13_10.0.0.43\": [1, 3, 5, 6]}": {"{\"10.0.0.11_10.0.0.41\": [1, 3, 5, 6], \"10.0.0.12_10.0.0.42\": [1, 3, 5, 6], \"10.0.0.13_10.0.0.43\": [1, 2, 4, 6]}": [0, -140, []], "{\"10.0.0.11_10.0.0.41\": [1, 3, 5, 6], \"10.0.0.12_10.0.0.42\": [1, 2, 4, 6], \"10.0.0.13_10.0.0.43\": [1, 3, 5, 6]}": [0, -140, []], "{\"10.0.0.11_10.0.0.41\": [1, 3, 5, 6], \"10.0.0.12_10.0.0.42\": [1, 2, 4, 6], \"10.0.0.13_10.0.0.43\": [1, 2, 4, 6]}": [0, -140, []], "{\"10.0.0.11_10.0.0.41\": [1, 2, 4, 6], \"10.0.0.12_10.0.0.42\": [1, 3, 5, 6], \"10.0.0.13_10.0.0.43\": [1, 3, 5, 6]}": [5, -45.13965134480119, []], "{\"10.0.0.11_10.0.0.41\": [1, 2, 4, 6], \"10.0.0.12_10.0.0.42\": [1, 3, 5, 6], \"10.0.0.13_10.0.0.43\": [1, 2, 4, 6]}": [0, -140, []], "{\"10.0.0.11_10.0.0.41\": [1, 2, 4, 6], \"10.0.0.12_10.0.0.42\": [1, 2, 4, 6], \"10.0.0.13_10.0.0.43\": [1, 3, 5, 6]}": [0, -140, []], "{\"10.0.0.11_10.0.0.41\": [1, 2, 4, 6], \"10.0.0.12_10.0.0.42\": [1, 2, 4, 6], \"10.0.0.13_10.0.0.43\": [1, 2, 4, 6]}": [0, -140, []], "\"NoTrans\"": [0, -140, []]}, "{\"10.0.0.11_10.0.0.41\": [1, 3, 5, 6], \"10.0.0.12_10.0.0.42\": [1, 3, 5, 6], \"10.0.0.13_10.0.0.43\": [1, 2, 4, 6]}": {"{\"10.0.0.11_10.0.0.41\": [1, 3, 5, 6], \"10.0.0.12_10.0.0.42\": [1, 3, 5, 6], \"10.0.0.13_10.0.0.43\": [1, 3, 5, 6]}": [0, -140, []], "{\"10.0.0.11_10.0.0.41\": [1, 3, 5, 6], \"10.0.0.12_10.0.0.42\": [1, 2, 4, 6], \"10.0.0.13_10.0.0.43\": [1, 3, 5, 6]}": [0, -140, []], "{\"10.0.0.11_10.0.0.41\": [1, 3, 5, 6], \"10.0.0.12_10.0.0.42\": [1, 2, 4, 6], \"10.0.0.13_10.0.0.43\": [1, 2, 4, 6]}": [0, -140, []], "{\"10.0.0.11_10.0.0.41\": [1, 2, 4, 6], \"10.0.0.12_10.0.0.42\": [1, 3, 5, 6], \"10.0.0.13_10.0.0.43\": [1, 3, 5, 6]}": [0, -140, []], "{\"10.0.0.11_10.0.0.41\": [1, 2, 4, 6], \"10.0.0.12_10.0.0.42\": [1, 3, 5, 6], \"10.0.0.13_10.0.0.43\": [1, 2, 4, 6]}": [0, -140, []], "{\"10.0.0.11_10.0.0.41\": [1, 2, 4, 6], \"10.0.0.12_10.0.0.42\": [1, 2, 4, 6], \"10.0.0.13_10.0.0.43\": [1, 3, 5, 6]}": [0, -140, []], "{\"10.0.0.11_10.0.0.41\": [1, 2, 4, 6], \"10.0.0.12_10.0.0.42\": [1, 2, 4, 6], \"10.0.0.13_10.0.0.43\": [1, 2, 4, 6]}": [0, -140, []], "\"NoTrans\"": [0, -140, []]}, "{\"10.0.0.11_10.0.0.41\": [1, 3, 5, 6], \"10.0.0.12_10.0.0.42\": [1, 2, 4, 6], \"10.0.0.13_10.0.0.43\": [1, 3, 5, 6]}": {"{\"10.0.0.11_10.0.0.41\": [1, 3, 5, 6], \"10.0.0.12_10.0.0.42\": [1, 3, 5, 6], \"10.0.0.13_10.0.0.43\": [1, 3, 5, 6]}": [4, -49.37555191581187, []], "{\"10.0.0.11_10.0.0.41\": [1, 3, 5, 6], \"10.0.0.12_10.0.0.42\": [1, 3, 5, 6], \"10.0.0.13_10.0.0.43\": [1, 2, 4, 6]}": [0, -140, []], "{\"10.0.0.11_10.0.0.41\": [1, 3, 5, 6], \"10.0.0.12_10.0.0.42\": [1, 2, 4, 6], \"10.0.0.13_10.0.0.43\": [1, 2, 4, 6]}": [0, -140, []], "{\"10.0.0.11_10.0.0.41\": [1, 2, 4, 6], \"10.0.0.12_10.0.0.42\": [1, 3, 5, 6], \"10.0.0.13_10.0.0.43\": [1, 3, 5, 6]}": [0, -140, []], "{\"10.0.0.11_10.0.0.41\": [1, 2, 4, 6], \"10.0.0.12_10.0.0.42\": [1, 3, 5, 6], \"10.0.0.13_10.0.0.43\": [1, 2, 4, 6]}": [0, -140, []], "{\"10.0.0.11_10.0.0.41\": [1, 2, 4, 6], \"10.0.0.12_10.0.0.42\": [1, 2, 4, 6], \"10.0.0.13_10.0.0.43\": [1, 3, 5, 6]}": [0, -140, []], "{\"10.0.0.11_10.0.0.41\": [1, 2, 4, 6], \"10.0.0.12_10.0.0.42\": [1, 2, 4, 6], \"10.0.0.13_10.0.0.43\": [1, 2, 4, 6]}": [0, -140, []], "\"NoTrans\"": [0, -140, []]}, "{\"10.0.0.11_10.0.0.41\": [1, 3, 5, 6], \"10.0.0.12_10.0.0.42\": [1, 2, 4, 6], \"10.0.0.13_10.0.0.43\": [1, 2, 4, 6]}": {"{\"10.0.0.11_10.0.0.41\": [1, 3, 5, 6], \"10.0.0.12_10.0.0.42\": [1, 3, 5, 6], \"10.0.0.13_10.0.0.43\": [1, 3, 5, 6]}": [0, -140, []], "{\"10.0.0.11_10.0.0.41\": [1, 3, 5, 6], \"10.0.0.12_10.0.0.42\": [1, 3, 5, 6], \"10.0.0.13_10.0.0.43\": [1, 2, 4, 6]}": [0, -140, []], "{\"10.0.0.11_10.0.0.41\": [1, 3, 5, 6], \"10.0.0.12_10.0.0.42\": [1, 2, 4, 6], \"10.0.0.13_10.0.0.43\": [1, 3, 5, 6]}": [0, -140, []], "{\"10.0.0.11_10.0.0.41\": [1, 2, 4, 6], \"10.0.0.12_10.0.0.42\": [1, 3, 5, 6], \"10.0.0.13_10.0.0.43\": [1, 3, 5, 6]}": [0, -140, []], "{\"10.0.0.11_10.0.0.41\": [1, 2, 4, 6], \"10.0.0.12_10.0.0.42\": [1, 3, 5, 6], \"10.0.0.13_10.0.0.43\": [1, 2, 4, 6]}": [0, -140, []], "{\"10.0.0.11_10.0.0.41\": [1, 2, 4, 6], \"10.0.0.12_10.0.0.42\": [1, 2, 4, 6], \"10.0.0.13_10.0.0.43\": [1, 3, 5, 6]}": [0, -140, []], "{\"10.0.0.11_10.0.0.41\": [1, 2, 4, 6], \"10.0.0.12_10.0.0.42\": [1, 2, 4, 6], \"10.0.0.13_10.0.0.43\": [1, 2, 4, 6]}": [0, -140, []], "\"NoTrans\"": [0, -140, []]}, "{\"10.0.0.11_10.0.0.41\": [1, 2, 4, 6], \"10.0.0.12_10.0.0.42\": [1, 3, 5, 6], \"10.0.0.13_10.0.0.43\": [1, 3, 5, 6]}": {"{\"10.0.0.11_10.0.0.41\": [1, 3, 5, 6], \"10.0.0.12_10.0.0.42\": [1, 3, 5, 6], \"10.0.0.13_10.0.0.43\": [1, 3, 5, 6]}": [0, -140, []], "{\"10.0.0.11_10.0.0.41\": [1, 3, 5, 6], \"10.0.0.12_10.0.0.42\": [1, 3, 5, 6], \"10.0.0.13_10.0.0.43\": [1, 2, 4, 6]}": [0, -140, []], "{\"10.0.0.11_10.0.0.41\": [1, 3, 5, 6], \"10.0.0.12_10.0.0.42\": [1, 2, 4, 6], \"10.0.0.13_10.0.0.43\": [1, 3, 5, 6]}": [4, -54.07764705564785, []], "{\"10.0.0.11_10.0.0.41\": [1, 3, 5, 6], \"10.0.0.12_10.0.0.42\": [1, 2, 4, 6], \"10.0.0.13_10.0.0.43\": [1, 2, 4, 6]}": [0, -140, []], "{\"10.0.0.11_10.0.0.41\": [1, 2, 4, 6], \"10.0.0.12_10.0.0.42\": [1, 3, 5, 6], \"10.0.0.13_10.0.0.43\": [1, 2, 4, 6]}": [0, -140, []], "{\"10.0.0.11_10.0.0.41\": [1, 2, 4, 6], \"10.0.0.12_10.0.0.42\": [1, 2, 4, 6], \"10.0.0.13_10.0.0.43\": [1, 3, 5, 6]}": [0, -140, []], "{\"10.0.0.11_10.0.0.41\": [1, 2, 4, 6], \"10.0.0.12_10.0.0.42\": [1, 2, 4, 6], \"10.0.0.13_10.0.0.43\": [1, 2, 4, 6]}": [0, -140, []], "\"NoTrans\"": [0, -140, []]}, "{\"10.0.0.11_10.0.0.41\": [1, 2, 4, 6], \"10.0.0.12_10.0.0.42\": [1, 3, 5, 6], \"10.0.0.13_10.0.0.43\": [1, 2, 4, 6]}": {"{\"10.0.0.11_10.0.0.41\": [1, 3, 5, 6], \"10.0.0.12_10.0.0.42\": [1, 3, 5, 6], \"10.0.0.13_10.0.0.43\": [1, 3, 5, 6]}": [0, -140, []], "{\"10.0.0.11_10.0.0.41\": [1, 3, 5, 6], \"10.0.0.12_10.0.0.42\": [1, 3, 5, 6], \"10.0.0.13_10.0.0.43\": [1, 2, 4, 6]}": [0, -140, []], "{\"10.0.0.11_10.0.0.41\": [1, 3, 5, 6], \"10.0.0.12_10.0.0.42\": [1, 2, 4, 6], \"10.0.0.13_10.0.0.43\": [1, 3, 5, 6]}": [0, -140, []], "{\"10.0.0.11_10.0.0.41\": [1, 3, 5, 6], \"10.0.0.12_10.0.0.42\": [1, 2, 4, 6], \"10.0.0.13_10.0.0.43\": [1, 2, 4, 6]}": [0, -140, []], "{\"10.0.0.11_10.0.0.41\": [1, 2, 4, 6], \"10.0.0.12_10.0.0.42\": [1, 3, 5, 6], \"10.0.0.13_10.0.0.43\": [1, 3, 5, 6]}": [0, -140, []], "{\"10.0.0.11_10.0.0.41\": [1, 2, 4, 6], \"10.0.0.12_10.0.0.42\": [1, 2, 4, 6], \"10.0.0.13_10.0.0.43\": [1, 3, 5, 6]}": [0, -140, []], "{\"10.0.0.11_10.0.0.41\": [1, 2, 4, 6], \"10.0.0.12_10.0.0.42\": [1, 2, 4, 6], \"10.0.0.13_10.0.0.43\": [1, 2, 4, 6]}": [0, -140, []], "\"NoTrans\"": [0, -140, []]}, "{\"10.0.0.11_10.0.0.41\": [1, 2, 4, 6], \"10.0.0.12_10.0.0.42\": [1, 2, 4, 6], \"10.0.0.13_10.0.0.43\": [1, 3, 5, 6]}": {"{\"10.0.0.11_10.0.0.41\": [1, 3, 5, 6], \"10.0.0.12_10.0.0.42\": [1, 3, 5, 6], \"10.0.0.13_10.0.0.43\": [1, 3, 5, 6]}": [0, -140, []], "{\"10.0.0.11_10.0.0.41\": [1, 3, 5, 6], \"10.0.0.12_10.0.0.42\": [1, 3, 5, 6], \"10.0.0.13_10.0.0.43\": [1, 2, 4, 6]}": [0, -140, []], "{\"10.0.0.11_10.0.0.41\": [1, 3, 5, 6], \"10.0.0.12_10.0.0.42\": [1, 2, 4, 6], \"10.0.0.13_10.0.0.43\": [1, 3, 5, 6]}": [0, -140, []], "{\"10.0.0.11_10.0.0.41\": [1, 3, 5, 6], \"10.0.0.12_10.0.0.42\": [1, 2, 4, 6], \"10.0.0.13_10.0.0.43\": [1, 2, 4, 6]}": [0, -140, []], "{\"10.0.0.11_10.0.0.41\": [1, 2, 4, 6], \"10.0.0.12_10.0.0.42\": [1, 3, 5, 6], \"10.0.0.13_10.0.0.43\": [1, 3, 5, 6]}": [0, -140, []], "{\"10.0.0.11_10.0.0.41\": [1, 2, 4, 6], \"10.0.0.12_10.0.0.42\": [1, 3, 5, 6], \"10.0.0.13_10.0.0.43\": [1, 2, 4, 6]}": [0, -140, []], "{\"10.0.0.11_10.0.0.41\": [1, 2, 4, 6], \"10.0.0.12_10.0.0.42\": [1, 2, 4, 6], \"10.0.0.13_10.0.0.43\": [1, 2, 4, 6]}": [0, -140, []], "\"NoTrans\"": [0, -140, []]},