{"{\"10.0.0.11_10.0.0.41\": [1, 3, 4], \"10.0.0.12_10.0.0.42\": [1, 3, 4], \"10.0.0.13_10.0.0.43\": [1, 3, 4]}": {"[\"10.0.0.11_10.0.0.41\", [1, 2, 4]]": [2, -140.2764939534521, []], "[\"10.0.0.12_10.0.0.42\", [1, 2, 4]]": [1, -185.03065980171286, []], "[\"10.0.0.13_10.0.0.43\", [1, 2, 4]]": [1, -215.07874669547883, []], "[\"NoTrans\", []]": [1, -197.92588958740234, []]}, "{\"10.0.0.11_10.0.0.41\": [1, 3, 4], \"10.0.0.12_10.0.0.42\": [1, 3, 4], \"10.0.0.13_10.0.0.43\": [1, 2, 4]}": {"[\"10.0.0.11_10.0.0.41\", [1, 2, 4]]": [1, -202.94730320354378, []], "[\"10.0.0.12_10.0.0.42\", [1, 2, 4]]": [1, -203.02468104498294, []], "[\"10.0.0.13_10.0.0.43\", [1, 3, 4]]": [2, -212.91960135243846, []], "[\"NoTrans\", []]": [2, -223.1915255997601, []]}, "{\"10.0.0.11_10.0.0.41\": [1, 3, 4], \"10.0.0.12_10.0.0.42\": [1, 2, 4], \"10.0.0.13_10.0.0.43\": [1, 3, 4]}": {"[\"10.0.0.11_10.0.0.41\", [1, 2, 4]]": [1, -201.25246125030222, []], "[\"10.0.0.12_10.0.0.42\", [1, 3, 4]]": [1, -200.1794219970703, []], "[\"10.0.0.13_10.0.0.43\", [1, 2, 4]]": [1, -202.1134622204743, []], "[\"NoTrans\", []]": [1, -184.07937523325577, []]}, "{\"10.0.0.11_10.0.0.41\": [1, 3, 4], \"10.0.0.12_10.0.0.42\": [1, 2, 4], \"10.0.0.13_10.0.0.43\": [1, 2, 4]}": {"[\"10.0.0.11_10.0.0.41\", [1, 2, 4]]": [1, -216.98526153564455, []], "[\"10.0.0.12_10.0.0.42\", [1, 3, 4]]": [1, -184.3319075045919, []], "[\"10.0.0.13_10.0.0.43\", [1, 3, 4]]": [1, -184.09629671337706, []], "[\"NoTrans\", []]": [1, -201.36692759197499, []]}, "{\"10.0.0.11_10.0.0.41\": [1, 2, 4], \"10.0.0.12_10.0.0.42\": [1, 3, 4], \"10.0.0.13_10.0.0.43\": [1, 3, 4]}": {"[\"10.0.0.11_10.0.0.41\", [1, 3, 4]]": [1, -200.56022415161132, []], "[\"10.0.0.12_10.0.0.42\", [1, 2, 4]]": [1, -202.63845927378838, []], "[\"10.0.0.13_10.0.0.43\", [1, 2, 4]]": [1, -203.07755699401017, []], "[\"NoTrans\", []]": [754, -136.56338993182712, []]}, "{\"10.0.0.11_10.0.0.41\": [1, 2, 4], \"10.0.0.12_10.0.0.42\": [1, 3, 4], \"10.0.0.13_10.0.0.43\": [1, 2, 4]}": {"[\"10.0.0.11_10.0.0.41\", [1, 3, 4]]": [1, -184.87731889206196, []], "[\"10.0.0.12_10.0.0.42\", [1, 2, 4]]": [1, -218.45906982421877, []], "[\"10.0.0.13_10.0.0.43\", [1, 3, 4]]": [1, -172.66549537039515, []], "[\"NoTrans\", []]": [1, -203.24839941451768, []]}, "{\"10.0.0.11_10.0.0.41\": [1, 2, 4], \"10.0.0.12_10.0.0.42\": [1, 2, 4], \"10.0.0.13_10.0.0.43\": [1, 3, 4]}": {"[\"10.0.0.11_10.0.0.41\", [1, 3, 4]]": [1, -185.6120954534665, []], "[\"10.0.0.12_10.0.0.42\", [1, 3, 4]]": [1, -173.93432737648482, []], "[\"10.0.0.13_10.0.0.43\", [1, 2, 4]]": [0, -140, []], "[\"NoTrans\", []]": [1, -202.02763489808623, []]}, "{\"10.0.0.11_10.0.0.41\": [1, 2, 4], \"10.0.0.12_10.0.0.42\": [1, 2, 4], \"10.0.0.13_10.0.0.43\": [1, 2, 4]}": {"[\"10.0.0.11_10.0.0.41\", [1, 3, 4]]": [1, -202.2074571000114, []], "[\"10.0.0.12_10.0.0.42\", [1, 3, 4]]": [1, -202.58979569543936, []], "[\"10.0.0.13_10.0.0.43\", [1, 3, 4]]": [0, -140, []], "[\"NoTrans\", []]": [1, -217.3966766357422, []]}}