{"{\"10.0.0.11_10.0.0.41\": [1, 3, 4], \"10.0.0.12_10.0.0.42\": [1, 3, 4], \"10.0.0.13_10.0.0.43\": [1, 3, 4]}": {"[\"10.0.0.13_10.0.0.43\", [1, 2, 4]]": [0, -140, []], "[\"10.0.0.11_10.0.0.41\", [1, 2, 4]]": [2, -138.21612530523782, []], "[\"10.0.0.12_10.0.0.42\", [1, 2, 4]]": [0, -140, []], "[\"NoTrans\", []]": [0, -140, []]}, "{\"10.0.0.11_10.0.0.41\": [1, 3, 4], \"10.0.0.12_10.0.0.42\": [1, 2, 4], \"10.0.0.13_10.0.0.43\": [1, 3, 4]}": {"[\"10.0.0.13_10.0.0.43\", [1, 2, 4]]": [0, -140, []], "[\"10.0.0.11_10.0.0.41\", [1, 2, 4]]": [1, -221.02883164818405, []], "[\"10.0.0.12_10.0.0.42\", [1, 3, 4]]": [0, -140, []], "[\"NoTrans\", []]": [0, -140, []]}, "{\"10.0.0.11_10.0.0.41\": [1, 2, 4], \"10.0.0.12_10.0.0.42\": [1, 3, 4], \"10.0.0.13_10.0.0.43\": [1, 3, 4]}": {"[\"10.0.0.13_10.0.0.43\", [1, 2, 4]]": [1, -201.48513729894634, []], "[\"10.0.0.11_10.0.0.41\", [1, 3, 4]]": [1, -198.12196502685546, []], "[\"10.0.0.12_10.0.0.42\", [1, 2, 4]]": [1, -197.35304911572695, []], "[\"NoTrans\", []]": [1, -139.78276798104244, []]}, "{\"10.0.0.11_10.0.0.41\": [1, 2, 4], \"10.0.0.12_10.0.0.42\": [1, 2, 4], \"10.0.0.13_10.0.0.43\": [1, 3, 4]}": {"[\"10.0.0.13_10.0.0.43\", [1, 2, 4]]": [1, -219.57763442993166, []], "[\"10.0.0.11_10.0.0.41\", [1, 3, 4]]": [1, -183.82254708052824, []], "[\"10.0.0.12_10.0.0.42\", [1, 3, 4]]": [2, -180.72727452763206, []], "[\"NoTrans\", []]": [1, -202.75528063905807, []]}, "{\"10.0.0.11_10.0.0.41\": [1, 3, 4], \"10.0.0.12_10.0.0.42\": [1, 3, 4], \"10.0.0.13_10.0.0.43\": [1, 2, 4]}": {"[\"10.0.0.13_10.0.0.43\", [1, 3, 4]]": [1, -200.89457135701008, []], "[\"10.0.0.11_10.0.0.41\", [1, 2, 4]]": [0, -140, []], "[\"10.0.0.12_10.0.0.42\", [1, 2, 4]]": [0, -140, []], "[\"NoTrans\", []]": [0, -140, []]}, "{\"10.0.0.11_10.0.0.41\": [1, 3, 4], \"10.0.0.12_10.0.0.42\": [1, 2, 4], \"10.0.0.13_10.0.0.43\": [1, 2, 4]}": {"[\"10.0.0.13_10.0.0.43\", [1, 3, 4]]": [0, -140, []], "[\"10.0.0.11_10.0.0.41\", [1, 2, 4]]": [0, -140, []], "[\"10.0.0.12_10.0.0.42\", [1, 3, 4]]": [0, -140, []], "[\"NoTrans\", []]": [0, -140, []]}, "{\"10.0.0.11_10.0.0.41\": [1, 2, 4], \"10.0.0.12_10.0.0.42\": [1, 3, 4], \"10.0.0.13_10.0.0.43\": [1, 2, 4]}": {"[\"10.0.0.13_10.0.0.43\", [1, 3, 4]]": [0, -140, []], "[\"10.0.0.11_10.0.0.41\", [1, 3, 4]]": [1, -184.9183097400055, []], "[\"10.0.0.12_10.0.0.42\", [1, 2, 4]]": [0, -140, []], "[\"NoTrans\", []]": [0, -140, []]}, "{\"10.0.0.11_10.0.0.41\": [1, 2, 4], \"10.0.0.12_10.0.0.42\": [1, 2, 4], \"10.0.0.13_10.0.0.43\": [1, 2, 4]}": {"[\"10.0.0.13_10.0.0.43\", [1, 3, 4]]": [1, -201.76802475556738, []], "[\"10.0.0.11_10.0.0.41\", [1, 3, 4]]": [0, -140, []], "[\"10.0.0.12_10.0.0.42\", [1, 3, 4]]": [0, -140, []], "[\"NoTrans\", []]": [1, -220.808065032959, []]}}