{"{\"10.0.0.11_10.0.0.41\": [1, 3, 4], \"10.0.0.12_10.0.0.42\": [1, 3, 4], \"10.0.0.13_10.0.0.43\": [1, 3, 4]}": {"[\"10.0.0.13_10.0.0.43\", [1, 2, 4]]": [0, -140, []], "[\"10.0.0.11_10.0.0.41\", [1, 2, 4]]": [1, -139.07932887929846, []], "[\"10.0.0.12_10.0.0.42\", [1, 2, 4]]": [1, -185.48003782013444, []], "[\"NoTrans\", []]": [0, -140, []]}, "{\"10.0.0.11_10.0.0.41\": [1, 3, 4], \"10.0.0.12_10.0.0.42\": [1, 2, 4], \"10.0.0.13_10.0.0.43\": [1, 3, 4]}": {"[\"10.0.0.13_10.0.0.43\", [1, 2, 4]]": [1, -199.2050525608923, []], "[\"10.0.0.11_10.0.0.41\", [1, 2, 4]]": [0, -140, []], "[\"10.0.0.12_10.0.0.42\", [1, 3, 4]]": [0, -140, []], "[\"NoTrans\", []]": [0, -140, []]}, "{\"10.0.0.11_10.0.0.41\": [1, 2, 4], \"10.0.0.12_10.0.0.42\": [1, 3, 4], \"10.0.0.13_10.0.0.43\": [1, 3, 4]}": {"[\"10.0.0.13_10.0.0.43\", [1, 2, 4]]": [0, -140, []], "[\"10.0.0.11_10.0.0.41\", [1, 3, 4]]": [1, -199.6392608642578, []], "[\"10.0.0.12_10.0.0.42\", [1, 2, 4]]": [0, -140, []], "[\"NoTrans\", []]": [4, -136.0978265356119, []]}, "{\"10.0.0.11_10.0.0.41\": [1, 2, 4], \"10.0.0.12_10.0.0.42\": [1, 2, 4], \"10.0.0.13_10.0.0.43\": [1, 3, 4]}": {"[\"10.0.0.13_10.0.0.43\", [1, 2, 4]]": [0, -140, []], "[\"10.0.0.11_10.0.0.41\", [1, 3, 4]]": [0, -140, []], "[\"10.0.0.12_10.0.0.42\", [1, 3, 4]]": [1, -172.57177326004827, []], "[\"NoTrans\", []]": [0, -140, []]}, "{\"10.0.0.11_10.0.0.41\": [1, 3, 4], \"10.0.0.12_10.0.0.42\": [1, 3, 4], \"10.0.0.13_10.0.0.43\": [1, 2, 4]}": {"[\"10.0.0.13_10.0.0.43\", [1, 3, 4]]": [1, -198.75854263305663, []], "[\"10.0.0.11_10.0.0.41\", [1, 2, 4]]": [0, -140, []], "[\"10.0.0.12_10.0.0.42\", [1, 2, 4]]": [0, -140, []], "[\"NoTrans\", []]": [0, -140, []]}, "{\"10.0.0.11_10.0.0.41\": [1, 3, 4], \"10.0.0.12_10.0.0.42\": [1, 2, 4], \"10.0.0.13_10.0.0.43\": [1, 2, 4]}": {"[\"10.0.0.13_10.0.0.43\", [1, 3, 4]]": [0, -140, []], "[\"10.0.0.11_10.0.0.41\", [1, 2, 4]]": [0, -140, []], "[\"10.0.0.12_10.0.0.42\", [1, 3, 4]]": [1, -185.7679471251232, []], "[\"NoTrans\", []]": [0, -140, []]}, "{\"10.0.0.11_10.0.0.41\": [1, 2, 4], \"10.0.0.12_10.0.0.42\": [1, 3, 4], \"10.0.0.13_10.0.0.43\": [1, 2, 4]}": {"[\"10.0.0.13_10.0.0.43\", [1, 3, 4]]": [0, -140, []], "[\"10.0.0.11_10.0.0.41\", [1, 3, 4]]": [0, -140, []], "[\"10.0.0.12_10.0.0.42\", [1, 2, 4]]": [1, -220.60464630126955, []], "[\"NoTrans\", []]": [1, -201.7328833348726, []]}, "{\"10.0.0.11_10.0.0.41\": [1, 2, 4], \"10.0.0.12_10.0.0.42\": [1, 2, 4], \"10.0.0.13_10.0.0.43\": [1, 2, 4]}": {"[\"10.0.0.13_10.0.0.43\", [1, 3, 4]]": [1, -201.97981461427787, []], "[\"10.0.0.11_10.0.0.41\", [1, 3, 4]]": [0, -140, []], "[\"10.0.0.12_10.0.0.42\", [1, 3, 4]]": [0, -140, []], "[\"NoTrans\", []]": [0, -140, []]}}