{"{\"10.0.0.11_10.0.0.41\": [1, 3, 4], \"10.0.0.12_10.0.0.42\": [1, 3, 4], \"10.0.0.13_10.0.0.43\": [1, 3, 4]}": {"[\"10.0.0.11_10.0.0.41\", [1, 2, 4]]": [1, -138.33653604070366, []], "[\"10.0.0.12_10.0.0.42\", [1, 2, 4]]": [0, -140, []], "[\"10.0.0.13_10.0.0.43\", [1, 2, 4]]": [0, -140, []], "[\"NoTrans\", []]": [0, -140, []]}, "{\"10.0.0.11_10.0.0.41\": [1, 3, 4], \"10.0.0.12_10.0.0.42\": [1, 3, 4], \"10.0.0.13_10.0.0.43\": [1, 2, 4]}": {"[\"10.0.0.11_10.0.0.41\", [1, 2, 4]]": [1, -199.77052523312986, []], "[\"10.0.0.12_10.0.0.42\", [1, 2, 4]]": [1, -198.90940155384834, []], "[\"10.0.0.13_10.0.0.43\", [1, 3, 4]]": [0, -140, []], "[\"NoTrans\", []]": [1, -180.9897368891904, []]}, "{\"10.0.0.11_10.0.0.41\": [1, 3, 4], \"10.0.0.12_10.0.0.42\": [1, 2, 4], \"10.0.0.13_10.0.0.43\": [1, 3, 4]}": {"[\"10.0.0.11_10.0.0.41\", [1, 2, 4]]": [1, -200.31332867523898, []], "[\"10.0.0.12_10.0.0.42\", [1, 3, 4]]": [0, -140, []], "[\"10.0.0.13_10.0.0.43\", [1, 2, 4]]": [1, -199.32397080809096, []], "[\"NoTrans\", []]": [1, -181.465061275937, []]}, "{\"10.0.0.11_10.0.0.41\": [1, 3, 4], \"10.0.0.12_10.0.0.42\": [1, 2, 4], \"10.0.0.13_10.0.0.43\": [1, 2, 4]}": {"[\"10.0.0.11_10.0.0.41\", [1, 2, 4]]": [1, -218.43599090576174, []], "[\"10.0.0.12_10.0.0.42\", [1, 3, 4]]": [1, -181.39822889599026, []], "[\"10.0.0.13_10.0.0.43\", [1, 3, 4]]": [1, -182.62985523226521, []], "[\"NoTrans\", []]": [1, -197.2729955968163, []]}, "{\"10.0.0.11_10.0.0.41\": [1, 2, 4], \"10.0.0.12_10.0.0.42\": [1, 3, 4], \"10.0.0.13_10.0.0.43\": [1, 3, 4]}": {"[\"10.0.0.11_10.0.0.41\", [1, 3, 4]]": [1, -194.9181915283203, []], "[\"10.0.0.12_10.0.0.42\", [1, 2, 4]]": [1, -201.3374243461593, []], "[\"10.0.0.13_10.0.0.43\", [1, 2, 4]]": [1, -199.91363389719317, []], "[\"NoTrans\", []]": [761, -130.0055561105794, []]}, "{\"10.0.0.11_10.0.0.41\": [1, 2, 4], \"10.0.0.12_10.0.0.42\": [1, 3, 4], \"10.0.0.13_10.0.0.43\": [1, 2, 4]}": {"[\"10.0.0.11_10.0.0.41\", [1, 3, 4]]": [1, -180.02899064336668, []], "[\"10.0.0.12_10.0.0.42\", [1, 2, 4]]": [1, -217.58378753662112, []], "[\"10.0.0.13_10.0.0.43\", [1, 3, 4]]": [2, -176.19146046593835, []], "[\"NoTrans\", []]": [1, -201.70423671487004, []]}, "{\"10.0.0.11_10.0.0.41\": [1, 2, 4], \"10.0.0.12_10.0.0.42\": [1, 2, 4], \"10.0.0.13_10.0.0.43\": [1, 3, 4]}": {"[\"10.0.0.11_10.0.0.41\", [1, 3, 4]]": [1, -183.24085622614825, []], "[\"10.0.0.12_10.0.0.42\", [1, 3, 4]]": [1, -168.98126425651225, []], "[\"10.0.0.13_10.0.0.43\", [1, 2, 4]]": [1, -219.19235000610354, []], "[\"NoTrans\", []]": [1, -204.2283233226338, []]}, "{\"10.0.0.11_10.0.0.41\": [1, 2, 4], \"10.0.0.12_10.0.0.42\": [1, 2, 4], \"10.0.0.13_10.0.0.43\": [1, 2, 4]}": {"[\"10.0.0.11_10.0.0.41\", [1, 3, 4]]": [1, -199.57811557392927, []], "[\"10.0.0.12_10.0.0.42\", [1, 3, 4]]": [1, -197.9336414313387, []], "[\"10.0.0.13_10.0.0.43\", [1, 3, 4]]": [1, -200.67645062440903, []], "[\"NoTrans\", []]": [1, -218.0818916320801, []]}}