{"{\"10.0.0.11_10.0.0.41\": [1, 3, 4], \"10.0.0.12_10.0.0.42\": [1, 3, 4], \"10.0.0.13_10.0.0.43\": [1, 3, 4]}": {"[\"10.0.0.12_10.0.0.42\", [1, 2, 4]]": [1, -185.08558078956224, []], "[\"10.0.0.13_10.0.0.43\", [1, 2, 4]]": [0, -140, []], "[\"10.0.0.11_10.0.0.41\", [1, 2, 4]]": [1, -150.0476906614013, []], "[\"NoTrans\", []]": [1, -198.4195114135742, []]}, "{\"10.0.0.11_10.0.0.41\": [1, 2, 4], \"10.0.0.12_10.0.0.42\": [1, 3, 4], \"10.0.0.13_10.0.0.43\": [1, 3, 4]}": {"[\"10.0.0.12_10.0.0.42\", [1, 2, 4]]": [1, -202.22439301588946, []], "[\"10.0.0.13_10.0.0.43\", [1, 2, 4]]": [1, -200.36807726327683, []], "[\"10.0.0.11_10.0.0.41\", [1, 3, 4]]": [1, -199.1291404724121, []], "[\"NoTrans\", []]": [760, -134.08764756239458, []]}, "{\"10.0.0.11_10.0.0.41\": [1, 3, 4], \"10.0.0.12_10.0.0.42\": [1, 3, 4], \"10.0.0.13_10.0.0.43\": [1, 2, 4]}": {"[\"10.0.0.12_10.0.0.42\", [1, 2, 4]]": [0, -140, []], "[\"10.0.0.13_10.0.0.43\", [1, 3, 4]]": [0, -140, []], "[\"10.0.0.11_10.0.0.41\", [1, 2, 4]]": [1, -202.91594668523877, []], "[\"NoTrans\", []]": [0, -140, []]}, "{\"10.0.0.11_10.0.0.41\": [1, 2, 4], \"10.0.0.12_10.0.0.42\": [1, 3, 4], \"10.0.0.13_10.0.0.43\": [1, 2, 4]}": {"[\"10.0.0.12_10.0.0.42\", [1, 2, 4]]": [1, -218.72905502319338, []], "[\"10.0.0.13_10.0.0.43\", [1, 3, 4]]": [2, -178.2630102781746, []], "[\"10.0.0.11_10.0.0.41\", [1, 3, 4]]": [1, -185.25031480696526, []], "[\"NoTrans\", []]": [1, -202.7910570455443, []]}, "{\"10.0.0.11_10.0.0.41\": [1, 3, 4], \"10.0.0.12_10.0.0.42\": [1, 2, 4], \"10.0.0.13_10.0.0.43\": [1, 3, 4]}": {"[\"10.0.0.12_10.0.0.42\", [1, 3, 4]]": [1, -198.78438720703124, []], "[\"10.0.0.13_10.0.0.43\", [1, 2, 4]]": [1, -202.3848500472272, []], "[\"10.0.0.11_10.0.0.41\", [1, 2, 4]]": [1, -203.05080268128376, []], "[\"NoTrans\", []]": [1, -185.1215010917425, []]}, "{\"10.0.0.11_10.0.0.41\": [1, 2, 4], \"10.0.0.12_10.0.0.42\": [1, 2, 4], \"10.0.0.13_10.0.0.43\": [1, 3, 4]}": {"[\"10.0.0.12_10.0.0.42\", [1, 3, 4]]": [1, -171.64634615103176, []], "[\"10.0.0.13_10.0.0.43\", [1, 2, 4]]": [1, -219.53252563476565, []], "[\"10.0.0.11_10.0.0.41\", [1, 3, 4]]": [1, -183.9877178269914, []], "[\"NoTrans\", []]": [1, -202.3072963536361, []]}, "{\"10.0.0.11_10.0.0.41\": [1, 3, 4], \"10.0.0.12_10.0.0.42\": [1, 2, 4], \"10.0.0.13_10.0.0.43\": [1, 2, 4]}": {"[\"10.0.0.12_10.0.0.42\", [1, 3, 4]]": [0, -140, []], "[\"10.0.0.13_10.0.0.43\", [1, 3, 4]]": [1, -184.64110069616456, []], "[\"10.0.0.11_10.0.0.41\", [1, 2, 4]]": [1, -218.9786315917969, []], "[\"NoTrans\", []]": [0, -140, []]}, "{\"10.0.0.11_10.0.0.41\": [1, 2, 4], \"10.0.0.12_10.0.0.42\": [1, 2, 4], \"10.0.0.13_10.0.0.43\": [1, 2, 4]}": {"[\"10.0.0.12_10.0.0.42\", [1, 3, 4]]": [1, -200.42400773880163, []], "[\"10.0.0.13_10.0.0.43\", [1, 3, 4]]": [1, -200.53261974691745, []], "[\"10.0.0.11_10.0.0.41\", [1, 3, 4]]": [1, -201.02636651354865, []], "[\"NoTrans\", []]": [1, -220.1798797607422, []]}}