{"{\"10.0.0.11_10.0.0.51\": [1, 4, 5], \"10.0.0.12_10.0.0.52\": [1, 4, 5], \"10.0.0.13_10.0.0.53\": [1, 4, 5]}": {"[\"10.0.0.12_10.0.0.52\", [1, 3, 5]]": [4, -0.35037235681426054, []], "[\"10.0.0.12_10.0.0.52\", [1, 2, 5]]": [19, 0.7257997130244511, []], "[\"10.0.0.13_10.0.0.53\", [1, 3, 5]]": [0, -Infinity, []], "[\"10.0.0.13_10.0.0.53\", [1, 2, 5]]": [1, 0.4305809511272156, []], "[\"10.0.0.11_10.0.0.51\", [1, 3, 5]]": [0, -Infinity, []], "[\"10.0.0.11_10.0.0.51\", [1, 2, 5]]": [2, 0.2559317818345272, []], "[\"NoTrans\", []]": [0, -Infinity, []]}, "{\"10.0.0.11_10.0.0.51\": [1, 3, 5], \"10.0.0.12_10.0.0.52\": [1, 4, 5], \"10.0.0.13_10.0.0.53\": [1, 4, 5]}": {"[\"10.0.0.12_10.0.0.52\", [1, 3, 5]]": [17, 3.204161810241275, []], "[\"10.0.0.12_10.0.0.52\", [1, 2, 5]]": [0, -Infinity, []], "[\"10.0.0.13_10.0.0.53\", [1, 3, 5]]": [0, -Infinity, []], "[\"10.0.0.13_10.0.0.53\", [1, 2, 5]]": [0, -Infinity, []], "[\"10.0.0.11_10.0.0.51\", [1, 4, 5]]": [1, 1.1110884173987037, []], "[\"10.0.0.11_10.0.0.51\", [1, 2, 5]]": [0, -Infinity, []], "[\"NoTrans\", []]": [0, -Infinity, []]}, "{\"10.0.0.11_10.0.0.51\": [1, 2, 5], \"10.0.0.12_10.0.0.52\": [1, 4, 5], \"10.0.0.13_10.0.0.53\": [1, 4, 5]}": {"[\"10.0.0.12_10.0.0.52\", [1, 3, 5]]": [5, 2.752404194903437, []], "[\"10.0.0.12_10.0.0.52\", [1, 2, 5]]": [0, -Infinity, []], "[\"10.0.0.13_10.0.0.53\", [1, 3, 5]]": [0, -Infinity, []], "[\"10.0.0.13_10.0.0.53\", [1, 2, 5]]": [0, -Infinity, []], "[\"10.0.0.11_10.0.0.51\", [1, 4, 5]]": [0, -Infinity, []], "[\"10.0.0.11_10.0.0.51\", [1, 3, 5]]": [0, -Infinity, []], "[\"NoTrans\", []]": [0, -Infinity, []]}, "{\"10.0.0.11_10.0.0.51\": [1, 4, 5], \"10.0.0.12_10.0.0.52\": [1, 4, 5], \"10.0.0.13_10.0.0.53\": [1, 3, 5]}": {"[\"10.0.0.12_10.0.0.52\", [1, 3, 5]]": [0, -Infinity, []], "[\"10.0.0.12_10.0.0.52\", [1, 2, 5]]": [0, -Infinity, []], "[\"10.0.0.13_10.0.0.53\", [1, 4, 5]]": [0, -Infinity, []], "[\"10.0.0.13_10.0.0.53\", [1, 2, 5]]": [0, -Infinity, []], "[\"10.0.0.11_10.0.0.51\", [1, 3, 5]]": [0, -Infinity, []], "[\"10.0.0.11_10.0.0.51\", [1, 2, 5]]": [0, -Infinity, []], "[\"NoTrans\", []]": [0, -Infinity, []]}, "{\"10.0.0.11_10.0.0.51\": [1, 3, 5], \"10.0.0.12_10.0.0.52\": [1, 4, 5], \"10.0.0.13_10.0.0.53\": [1, 3, 5]}": {"[\"10.0.0.12_10.0.0.52\", [1, 3, 5]]": [0, -Infinity, []], "[\"10.0.0.12_10.0.0.52\", [1, 2, 5]]": [0, -Infinity, []], "[\"10.0.0.13_10.0.0.53\", [1, 4, 5]]": [0, -Infinity, []], "[\"10.0.0.13_10.0.0.53\", [1, 2, 5]]": [0, -Infinity, []], "[\"10.0.0.11_10.0.0.51\", [1, 4, 5]]": [0, -Infinity, []], "[\"10.0.0.11_10.0.0.51\", [1, 2, 5]]": [0, -Infinity, []], "[\"NoTrans\", []]": [0, -Infinity, []]}, "{\"10.0.0.11_10.0.0.51\": [1, 2, 5], \"10.0.0.12_10.0.0.52\": [1, 4, 5], \"10.0.0.13_10.0.0.53\": [1, 3, 5]}": {"[\"10.0.0.12_10.0.0.52\", [1, 3, 5]]": [12, 1.783712490057499, []], "[\"10.0.0.12_10.0.0.52\", [1, 2, 5]]": [0, -Infinity, []], "[\"10.0.0.13_10.0.0.53\", [1, 4, 5]]": [1, 0.8815630629138763, []], "[\"10.0.0.13_10.0.0.53\", [1, 2, 5]]": [0, -Infinity, []], "[\"10.0.0.11_10.0.0.51\", [1, 4, 5]]": [0, -Infinity, []], "[\"10.0.0.11_10.0.0.51\", [1, 3, 5]]": [0, -Infinity, []], "[\"NoTrans\", []]": [0, -Infinity, []]}, "{\"10.0.0.11_10.0.0.51\": [1, 4, 5], \"10.0.0.12_10.0.0.52\": [1, 4, 5], \"10.0.0.13_10.0.0.53\": [1, 2, 5]}": {"[\"10.0.0.12_10.0.0.52\", [1, 3, 5]]": [4, 0.43243176556840845, []], "[\"10.0.0.12_10.0.0.52\", [1, 2, 5]]": [0, -Infinity, []], "[\"10.0.0.13_10.0.0.53\", [1, 4, 5]]": [2, 1.0051756522429423, []], "[\"10.0.0.13_10.0.0.53\", [1, 3, 5]]": [0, -Infinity, []], "[\"10.0.0.11_10.0.0.51\", [1, 3, 5]]": [0, -Infinity, []], "[\"10.0.0.11_10.0.0.51\", [1, 2, 5]]": [0, -Infinity, []], "[\"NoTrans\", []]": [0, -Infinity, []]}, "{\"10.0.0.11_10.0.0.51\": [1, 3, 5], \"10.0.0.12_10.0.0.52\": [1, 4, 5], \"10.0.0.13_10.0.0.53\": [1, 2, 5]}": {"[\"10.0.0.12_10.0.0.52\", [1, 3, 5]]": [0, -Infinity, []], "[\"10.0.0.12_10.0.0.52\", [1, 2, 5]]": [0, -Infinity, []], "[\"10.0.0.13_10.0.0.53\", [1, 4, 5]]": [0, -Infinity, []], "[\"10.0.0.13_10.0.0.53\", [1, 3, 5]]": [0, -Infinity, []], "[\"10.0.0.11_10.0.0.51\", [1, 4, 5]]": [0, -Infinity, []], "[\"10.0.0.11_10.0.0.51\", [1, 2, 5]]": [0, -Infinity, []], "[\"NoTrans\", []]": [0, -Infinity, []]}, "{\"10.0.0.11_10.0.0.51\": [1, 2, 5], \"10.0.0.12_10.0.0.52\": [1, 4, 5], \"10.0.0.13_10.0.0.53\": [1, 2, 5]}": {"[\"10.0.0.12_10.0.0.52\", [1, 3, 5]]": [0, -Infinity, []], "[\"10.0.0.12_10.0.0.52\", [1, 2, 5]]": [0, -Infinity, []], "[\"10.0.0.13_10.0.0.53\", [1, 4, 5]]": [0, -Infinity, []], "[\"10.0.0.13_10.0.0.53\", [1, 3, 5]]": [0, -Infinity, []], "[\"10.0.0.11_10.0.0.51\", [1, 4, 5]]": [0, -Infinity, []], "[\"10.0.0.11_10.0.0.51\", [1, 3, 5]]": [0, -Infinity, []], "[\"NoTrans\", []]": [0, -Infinity, []]}, "{\"10.0.0.11_10.0.0.51\": [1, 4, 5], \"10.0.0.12_10.0.0.52\": [1, 3, 5], \"10.0.0.13_10.0.0.53\": [1, 4, 5]}": {"[\"10.0.0.12_10.0.0.52\", [1, 4, 5]]": [4, -0.18014319659461112, []], "[\"10.0.0.12_10.0.0.52\", [1, 2, 5]]": [0, -Infinity, []], "[\"10.0.0.13_10.0.0.53\", [1, 3, 5]]": [0, -Infinity, []], "[\"10.0.0.13_10.0.0.53\", [1, 2, 5]]": [0, -Infinity, []], "[\"10.0.0.11_10.0.0.51\", [1, 3, 5]]": [0, -Infinity, []], "[\"10.0.0.11_10.0.0.51\", [1, 2, 5]]": [0, -Infinity, []], "[\"NoTrans\", []]": [0, -Infinity, []]}, "{\"10.0.0.11_10.0.0.51\": [1, 3, 5], \"10.0.0.12_10.0.0.52\": [1, 3, 5], \"10.0.0.13_10.0.0.53\": [1, 4, 5]}": {"[\"10.0.0.12_10.0.0.52\", [1, 4, 5]]": [17, 2.68452796122598, []], "[\"10.0.0.12_10.0.0.52\", [1, 2, 5]]": [1, 0.5719314643097884, []], "[\"10.0.0.13_10.0.0.53\", [1, 3, 5]]": [0, -Infinity, []], "[\"10.0.0.13_10.0.0.53\", [1, 2, 5]]": [0, -Infinity, []], "[\"10.0.0.11_10.0.0.51\", [1, 4, 5]]": [0, -Infinity, []], "[\"10.0.0.11_10.0.0.51\", [1, 2, 5]]": [0, -Infinity, []], "[\"NoTrans\", []]": [0, -Infinity, []]}, "{\"10.0.0.11_10.0.0.51\": [1, 2, 5], \"10.0.0.12_10.0.0.52\": [1, 3, 5], \"10.0.0.13_10.0.0.53\": [1, 4, 5]}": {"[\"10.0.0.12_10.0.0.52\", [1, 4, 5]]": [1, 0.6711396738215918, []], "[\"10.0.0.12_10.0.0.52\", [1, 2, 5]]": [1, 0.6202490161531123, []], "[\"10.0.0.13_10.0.0.53\", [1, 3, 5]]": [1, -0.36603934300925656, []], "[\"10.0.0.13_10.0.0.53\", [1, 2, 5]]": [0, -Infinity, []], "[\"10.0.0.11_10.0.0.51\", [1, 4, 5]]": [0, -Infinity, []], "[\"10.0.0.11_10.0.0.51\", [1, 3, 5]]": [1, 0.292473360572655, []], "[\"NoTrans\", []]": [64, 2.914234571550006, []]}, "{\"10.0.0.11_10.0.0.51\": [1, 4, 5], \"10.0.0.12_10.0.0.52\": [1, 3, 5], \"10.0.0.13_10.0.0.53\": [1, 3, 5]}": {"[\"10.0.0.12_10.0.0.52\", [1, 4, 5]]": [0, -Infinity, []], "[\"10.0.0.12_10.0.0.52\", [1, 2, 5]]": [0, -Infinity, []], "[\"10.0.0.13_10.0.0.53\", [1, 4, 5]]": [0, -Infinity, []], "[\"10.0.0.13_10.0.0.53\", [1, 2, 5]]": [0, -Infinity, []], "[\"10.0.0.11_10.0.0.51\", [1, 3, 5]]": [0, -Infinity, []], "[\"10.0.0.11_10.0.0.51\", [1, 2, 5]]": [0, -Infinity, []], "[\"NoTrans\", []]": [0, -Infinity, []]}, "{\"10.0.0.11_10.0.0.51\": [1, 3, 5], \"10.0.0.12_10.0.0.52\": [1, 3, 5], \"10.0.0.13_10.0.0.53\": [1, 3, 5]}": {"[\"10.0.0.12_10.0.0.52\", [1, 4, 5]]": [0, -Infinity, []], "[\"10.0.0.12_10.0.0.52\", [1, 2, 5]]": [0, -Infinity, []], "[\"10.0.0.13_10.0.0.53\", [1, 4, 5]]": [0, -Infinity, []], "[\"10.0.0.13_10.0.0.53\", [1, 2, 5]]": [0, -Infinity, []], "[\"10.0.0.11_10.0.0.51\", [1, 4, 5]]": [0, -Infinity, []], "[\"10.0.0.11_10.0.0.51\", [1, 2, 5]]": [0, -Infinity, []], "[\"NoTrans\", []]": [0, -Infinity, []]}, "{\"10.0.0.11_10.0.0.51\": [1, 2, 5], \"10.0.0.12_10.0.0.52\": [1, 3, 5], \"10.0.0.13_10.0.0.53\": [1, 3, 5]}": {"[\"10.0.0.12_10.0.0.52\", [1, 4, 5]]": [13, 2.04797373573974, []], "[\"10.0.0.12_10.0.0.52\", [1, 2, 5]]": [0, -Infinity, []], "[\"10.0.0.13_10.0.0.53\", [1, 4, 5]]": [0, -Infinity, []], "[\"10.0.0.13_10.0.0.53\", [1, 2, 5]]": [0, -Infinity, []], "[\"10.0.0.11_10.0.0.51\", [1, 4, 5]]": [0, -Infinity, []], "[\"10.0.0.11_10.0.0.51\", [1, 3, 5]]": [0, -Infinity, []], "[\"NoTrans\", []]": [0, -Infinity, []]},